10008,1050.74,982.587,1079.1045,1010.4478,ph2
10058,1383.0,808.0,1464.0,890.0,pr60
10176,557.333,693.333,650.6667,836.0,w30
10202,1773.68,460.526,1909.211,609.211,p1
1023,1127.09,923.904,1140.6374999999998,938.6454,pl80
1023,1142.23,922.311,1157.3705,939.0438,pn
10265,443.0,717.0,580.0,848.0,pr50
10504,929.545,958.278,943.75,975.5686000000001,pne
10504,993.182,961.364,1005.1136,975.5682,i4
10504,1076.14,960.795,1084.0909100000001,971.5908999999999,pl50
10504,1087.5,959.659,1096.02649,974.1722,pn
10553,926.49,954.967,939.7351,968.2119,pne
10553,976.821,954.967,989.4037000000001,970.1987,i5
1059,1570.59,950.98,1639.2157,1011.7643,w30
10706,1037.21,944.851,1051.8239,961.462,pn
10726,786.0,953.0,845.0,1014.0,pr20
10835,938.806,957.711,952.7363,970.1493,pne
10835,988.742,958.94,996.6887399999999,970.1983,i4
10835,1090.05,954.305,1101.9868,966.8874,pn
10835,565.174,952.239,571.64179,965.1741000000001,pne
10912,1135.29,619.608,1227.4518,711.7647,w21
11008,389.333,1232.0,424.0,1290.6667,pc
11183,1.33333,213.333,124.00033,392.0,pl4
11244,754.667,786.667,806.6667,836.0,pl35
1134,1899.21,961.111,1925.3968,986.5079,w45
11350,1951.0,1017.0,1979.0,1054.0,pm1.5
11376,1924.0,590.667,2000.0,742.667,ph2.5
11378,126.49,926.49,140.3974,949.0066,pne
11378,596.689,960.265,610.596,977.4834,pl50
11378,613.245,960.927,625.1656,975.4967,p11
11378,627.815,959.603,643.0477000000001,975.4966999999999,pn
11573,353.333,910.667,423.9997,982.667,pr20
11653,737.302,930.952,750.0,946.0317,pne
11681,1396.0,953.333,1450.6601,1008.0,ps
11696,971.429,758.731,1040.4760999999999,823.0162,w21
11696,1058.73,752.381,1134.9206,817.4603,w42
11696,1146.04,743.65,1220.6395,819.0473,p1
11773,953.0,946.0,995.0,989.0,p9
11814,1094.04,975.497,1113.9072999999999,998.0132,w63
11842,977.612,711.94,1091.045,825.373,ph3.3
11951,1337.31,686.508,1422.2268,763.4926,w22
11951,1438.1,703.968,1527.7794999999999,782.5394,w43
11951,1542.06,724.603,1623.0131999999999,803.1742999999999,p1
11953,1922.67,985.333,1958.6667,1029.3333,pm50
11992,1593.48,1022.92,1666.2252,1091.5475,pm5
1201,1844.0,949.333,1878.6667,990.6667,w31
12025,1052.19,948.207,1063.7450000000001,961.753,pl80
12025,1067.33,948.606,1079.6813,961.3546,pn
12030,1612.0,965.333,1738.664,1128.0,pm5
12214,1215.3,233.6,1439.346,409.6,pr70
12351,664.356,1000.99,684.1584,1028.7129,pl15
12468,1577.33,916.0,1644.0,992.0,pa13
12586,1768.0,868.0,1872.596,984.0,pr20
12640,673.684,936.842,703.9474,989.4736,w63
12791,30.6667,762.667,62.6667,804.0,ph5.5
12791,73.3333,768.0,105.3333,808.0,p1
12926,830.952,946.825,845.2374,958.7302000000001,pne
13080,1282.0,996.0,1366.0,1083.0,pr20
13151,1641.33,845.333,1735.9967,942.6667,w31
13155,943.0,1046.0,958.0,1060.0,i5
13155,1994.67,1036.0,2008.0,1053.3333,pne
13267,1152.0,922.667,1189.3333,954.6667,w66
13354,1051.39,937.052,1067.7291,954.5817000000001,w21
13354,1073.19,936.232,1090.5797,952.8987,w42
13354,1095.66,933.696,1114.4974,952.8986,p1
13427,1140.0,990.667,1178.6667,1026.6667,pm10
13587,925.333,1009.33,940.0,1024.0,pne
13628,1062.32,946.739,1072.1014499999999,956.1594200000001,pne
13708,1676.0,938.0,1735.0,1012.0,pm1.5
13708,1174.0,911.0,1216.0,954.0,ph2.2
1379,1115.87,976.19,1130.9524,988.8889,w13
1379,1115.87,993.651,1130.9524,1007.1428999999999,w57
13813,24.4318,893.75,39.7727,918.1818,pl40
13813,42.6136,890.909,55.681799999999996,917.6136,pn
13820,144.0,881.333,196.0,948.0,ps
13873,1235.4,1002.65,1250.4452,1017.2591,pl30
13986,2020.8,1169.03,2036.7257,1184.0708,po
14119,764.0,1017.0,814.0,1067.0,w63
14156,921.023,950.331,935.2273,964.2044,pne
14156,988.636,952.273,1000.5681999999999,967.5497,i4
14156,1079.55,950.0,1090.3409,963.0682,pl50
14156,1090.34,950.568,1102.8409,961.9318,pn
14220,1341.33,898.0,1409.3333,968.6667,pm46
14220,1340.67,966.0,1410.6667,1036.6667,pa10
14251,1550.67,856.0,1642.6667,937.3333,w37
14457,650.0,575.0,728.0,652.0,pr30
14541,1838.67,280.0,1981.336,440.0,pl35
14554,44.7761,935.821,58.7065,951.7413,i5
14554,446.269,970.647,458.209,986.0697,pl50
14554,461.194,970.149,472.1393,984.5771,p11
14554,477.114,970.149,489.05469999999997,986.0697,pn
14636,1837.33,913.333,1857.3333,936.0,ph4.2
14662,1067.05,885.227,1096.5909,916.4773,w21
14820,834.127,995.238,862.6984,1025.3968,pb
14820,903.175,957.143,911.90476,969.0476,pne
14874,1046.6,964.205,1080.1182,1001.1364000000001,ph2
15187,981.333,702.667,1044.0,754.6667,w63
1519,832.386,958.523,846.5908999999999,973.2955000000001,pne
1519,894.318,956.818,908.5227,973.8636,i5
1519,1052.84,973.295,1064.7727,985.2273,pl40
1519,1067.05,970.455,1078.9863,984.6591000000001,pn
1519,1080.68,972.159,1092.6136000000001,985.7955,p11
15263,660.396,967.327,712.8712999999999,1014.8515,pb
15263,861.386,921.782,876.2364,933.6629,pne
15350,892.715,947.02,905.298,962.9139,pne
15350,976.821,946.358,989.404,960.2648999999999,i5
15397,892.063,950.794,903.9683,963.4920999999999,pne
15397,945.238,949.206,959.5238,963.4921,i5
15414,1812.0,864.0,1852.0,905.3333,pm15
15434,1732.0,896.0,1841.333,1022.667,pl110
15482,1042.67,854.667,1084.0,888.0,w22
15634,1396.0,988.0,1486.6634,1072.0,w43
15857,1490.07,1060.93,1503.3112999999998,1074.8344,pl30
15857,1244.32,919.887,1269.8908999999999,943.7506999999999,p14
15857,1247.16,952.841,1272.1636,980.6816,p14
15857,1129.55,938.636,1141.4773,954.5455,pn
15866,1422.52,980.132,1437.7483,998.675,p5
15873,1161.85,700.0,1296.0559999999998,836.842,ph3.3
15908,1084.42,984.783,1098.913,999.6376,p5
15908,1139.85,986.232,1167.3906,1010.1446,w16
15908,1419.57,960.145,1445.2945,985.1451999999999,w15
15965,250.667,897.333,302.6667,949.3333,ps
16123,1234.0,641.0,1316.0,722.0,pr50
16452,1136.0,822.667,1196.0,880.0,w34
16511,1675.0,985.227,1692.0455,1007.3864,w58
16546,844.318,968.75,857.3864,981.8182,pne
16546,896.023,967.045,910.2273,981.8181999999999,i5
16546,981.818,978.409,990.34091,988.6364,pl40
16546,992.614,977.841,1001.1363600000001,988.0795,p11
16546,1005.11,976.136,1012.5,988.0681999999999,pn
16724,1686.38,982.392,1702.6589000000001,999.6678,w15
16724,1619.6,978.073,1644.8505,1002.658,w16
16724,1319.6,978.073,1334.5526,994.0203,p5
16745,1231.13,871.523,1265.5629000000001,907.9467,p1
1687,902.315,949.505,912.2153300000001,962.3764,pne
1687,951.478,949.505,963.3594999999999,962.3762,i5
16947,1462.67,885.333,1510.6667,936.0,p9
16949,1376.19,957.143,1450.0,1028.5714,pl15
17026,948.515,975.568,961.3860999999999,989.1091,pne
17026,1100.99,968.182,1108.52273,979.2083,pn
17260,1309.56,968.127,1324.2992,983.6653,pl80
17260,1310.36,984.462,1324.3011999999999,998.4064,pn
17285,1357.43,1009.9,1368.3168,1022.7723,w30
17334,1440.59,1001.98,1458.4158,1017.8218,w30
17341,1190.55,920.398,1205.4726,936.8159,pl40
17341,1211.94,919.9,1222.3881000000001,933.3333,p11
17341,1228.86,918.408,1243.2836,934.3284,pn
17356,1505.0,917.0,1569.0,983.0,pm8
17358,1246.83,934.921,1261.1110999999999,949.2063,pne
17358,1286.51,935.714,1301.5873,951.5873,i5
17442,307.522,1081.42,318.5841,1097.7876,pn
17448,349.333,782.667,449.333,892.0,w34
17606,1512.0,845.333,1588.0,932.0,ph4.2
17746,1395.52,883.085,1421.8931,913.4328,w15
17746,1205.48,951.244,1247.2637,990.5473000000001,w16
17746,1249.25,987.065,1264.1763,1002.4903,p5
17865,153.333,969.333,203.9997,1045.3333,p16
18027,1169.0,835.0,1214.0,877.0,pm10
18052,219.841,946.032,232.5397,968.254,pne
18052,262.698,951.587,275.3968,969.0476,i5
18052,900.794,961.111,910.31746,972.2222,pne
18052,949.206,958.73,959.5238,969.0476,i5
18110,1205.12,893.75,1235.7955,925.5682,p1
18137,1197.03,946.535,1207.9207999999999,961.3860999999999,pne
18137,1280.2,945.545,1292.0792000000001,961.3860999999999,i5
18200,1766.16,791.878,1821.8274000000001,853.999,pa14
18264,373.684,1006.58,409.2105,1053.9474,pl15
18305,1356.01,866.758,1386.0769,894.6673000000001,w22
18483,1235.64,996.04,1255.4455,1014.8515,pl15
18514,1815.0,879.0,1896.0,961.0,p2
18546,1248.61,934.263,1262.5498,950.1992,pl80
18546,1265.34,933.865,1278.8845,950.1992,pn
18602,1143.56,964.356,1170.297,989.1089,w30
18692,1060.54,934.683,1084.5562,954.2850999999999,w22
18882,156.0,750.667,190.6667,805.3333,pl10
18967,1101.99,940.637,1118.7251,958.1673,w21
18994,1832.0,796.0,1986.0,960.0,pr30
18995,1539.0,640.0,1626.0,730.0,pr60
18995,1462.0,648.0,1537.0,717.0,w22
19183,1262.75,980.392,1319.6078,1039.2157,pl15
19259,1484.0,977.0,1584.0,1093.0,pm10
19271,1191.09,933.663,1205.9484,951.4851,pne
19271,1233.66,934.653,1251.4851,949.505,i5
19271,1797.03,927.723,1809.901,946.5346999999999,pne
19271,1828.71,926.733,1842.5743,945.5446,i5
1931,1038.05,938.053,1061.9468,965.4877,ph2.8
19331,542.667,545.333,613.3333,618.6664,pl10
19331,1225.33,569.333,1323.9870999999998,661.333,pl10
19344,372.549,1119.61,403.9213,1162.7486999999999,w63
19347,1158.73,926.19,1174.6032,941.2698,pne
19347,1252.38,926.984,1265.0794,942.0635000000001,i4
19379,1454.67,974.667,1510.6667,1032.0003,pm25
19475,1279.21,942.574,1296.0396,958.4158,w21
19536,1693.33,941.333,1766.6667,1018.6664,pr30
19547,1752.63,942.105,1847.3684,1042.105,w42
19560,1799.0,757.0,1844.0,807.0,pr30
19884,58.0,889.0,101.0,935.0,pr70
19884,54.0,953.0,99.0,998.0,pr60
20132,903.96,104.95,1341.585,456.437,ph3.3
20139,1184.09,831.818,1232.3863999999999,876.1362,w21
20183,1714.67,930.667,1793.3333,1014.6667,pb
20272,1144.44,905.556,1169.8369,929.3657000000001,w42
20272,1169.84,905.556,1194.4245999999998,930.9524,w8
20272,1195.24,906.349,1221.4344,931.7460000000001,w30
20284,1082.54,880.159,1113.4921,912.6987,w24
20378,1776.12,957.711,1796.0223999999998,984.5757,w63
20409,1065.08,842.857,1109.5238,885.7142,w24
20452,91.0891,964.356,134.6535,1014.8515,w58
20479,1114.29,965.079,1124.6032,977.7778,pne
20479,1159.52,965.079,1170.6349,977.7778,i5
20479,1773.81,948.413,1784.127,964.2857,pne
20479,1804.76,948.413,1812.69841,963.4921,i5
20529,1298.67,941.333,1349.3333,986.6667,w31
20591,1217.33,945.333,1254.6667,984.0,ph4.2
20699,437.0,1006.0,471.0,1046.0,pl10
20726,31.5789,803.947,111.8421,903.9466,w63
20935,1060.18,972.124,1081.4159,1019.9115,w16
21212,1537.0,861.0,1595.0,924.0,pm10
21273,284.0,920.0,325.3333,964.0,pl35
21400,1102.49,978.109,1117.4155,995.5224000000001,pl80
21430,1394.89,1010.8,1434.6591,1053.4090999999999,pm5
21531,1867.2,924.0,1956.0,1024.0,pm10
21580,380.392,937.255,411.7647,986.2745,ps
21580,388.235,988.235,411.7647,1022.7723,i10
21584,61.5894,924.503,75.4966,941.7219,pne
21644,1784.16,1016.83,1799.0099,1033.6634000000001,i10
21681,1909.33,1114.67,1982.6667,1197.3333,pr30
21735,1251.0,886.0,1328.0,956.0,w21
21738,1138.5,987.61,1152.6593,1001.3274,pn
21752,1094.42,932.669,1113.5458,950.996,w21
21899,1343.0,985.0,1390.0,1026.0,w58
21907,908.609,960.265,919.2053000000001,972.8477,pne
21907,983.444,960.265,994.702,974.1722,i5
22055,1267.83,920.717,1285.259,939.0261,w15
22055,1119.12,972.51,1141.8327,994.4223,w16
22129,1470.2,974.834,1485.2273,990.7284999999999,pl5
22402,1354.67,756.0,1417.3333,810.6667,w34
22405,1301.77,934.956,1315.4867,949.5579,pl80
22405,1318.14,935.398,1333.6308000000001,951.3274,pn
22617,904.993,391.2,1081.577,531.2,pr20
22655,445.6,970.4,546.4,1077.6,pm5
22666,649.751,1010.45,665.1741,1037.8109,p5
22782,329.703,908.911,388.11879999999996,968.3168,p14
22782,692.079,940.594,717.8217999999999,964.3564,w47
22868,1172.85,924.503,1186.0927,937.7483000000001,pne
22868,1243.05,924.503,1258.9431,939.7351,i5
22949,810.227,1001.7,817.61364,1009.65909,pne
22949,1131.82,1005.11,1139.77273,1015.3409,pne
22949,1271.02,954.545,1288.6363999999999,972.7273,w47
22949,1551.7,950.0,1567.0455,985.2273,p14
22949,1612.5,946.591,1622.7327,964.7727,pne
22969,1206.62,943.046,1219.2052999999999,958.2781,pl50
22969,1223.18,945.033,1235.7616,958.2781,p11
22969,1239.74,944.371,1254.3046,960.2649,pn
2300,306.0,954.0,336.0,1007.0,io
2300,311.0,1029.0,338.0,1083.0,io
2300,250.0,729.0,282.0,784.0,p26
2300,290.0,742.0,324.0,794.0,p25
2300,1434.0,1016.0,1452.0,1033.0,pn
2300,1566.0,998.0,1587.0,1022.0,io
2300,1566.0,1024.0,1587.0,1047.0,io
23049,1082.67,692.0,1152.0,760.0,ps
23049,1174.67,693.333,1250.6667,764.0,i10
23100,1169.31,930.693,1184.1584,949.505,pne
23100,1233.66,931.683,1246.5347000000002,950.495,i5
23119,1803.92,954.902,2007.8400000000001,1162.7450000000001,pm5
23207,1058.67,584.0,1161.333,678.6667,pm13
23207,1160.0,594.667,1262.667,675.9994,w48
23426,1653.33,968.0,1732.0050999999999,1064.0,pm15
23445,1271.52,928.477,1286.0927,945.6954,pl40
23445,1288.08,927.815,1302.6377,946.3576,pn
23450,1469.33,1016.0,1497.3333,1046.6667,pr60
23473,452.0,699.0,485.0,746.0,w50
23473,450.0,909.0,500.0,954.0,w47
2364,1355.26,964.474,1455.2516,1068.421,w26
23703,934.653,952.475,946.5909,964.2045,pne
23703,1108.91,941.584,1121.0227,955.1135999999999,pn
23803,1204.95,673.267,1286.1386,746.5347,w22
2399,227.632,888.158,292.1055,959.2107,w58
24063,1219.93,956.175,1231.0805,967.7290999999999,pn
24074,601.961,929.412,743.137,1066.667,w47
24085,878.808,962.252,890.7284999999999,976.1588999999999,pne
24085,929.139,964.238,939.7351,977.4834000000001,i5
24121,1178.0,483.0,1306.0,598.0,pr60
24216,905.682,953.409,919.8864,965.9091,pne
24216,961.081,954.452,973.5812,965.2471,i4
24216,1101.14,998.013,1114.5695,1011.9205000000001,io
24221,1237.5,1005.11,1267.0455,1034.0936,w20
24251,106.884,1109.42,121.3772,1127.1664,pl40
24251,122.464,1107.97,137.3188,1127.5362,pn
2429,1383.75,581.6,1517.839,698.368,pr60
2429,1292.59,987.347,1328.1441,1026.3997,ps
24313,590.476,957.143,605.5556,980.9524,p17
24313,585.714,982.54,597.619,1007.9364999999999,p12
2440,84.7682,935.762,119.86749999999999,976.8212,ph3.3
24413,528.0,966.667,565.3333,1048.0,ph5.3
24456,1272.73,928.409,1305.6818,960.7956,ph2.8
24576,1862.67,848.0,1977.333,980.0,p1
24598,1337.0,1048.0,1373.0,1088.0,pr80
24598,1797.0,1079.0,1895.0,1177.0,pr60
24644,1778.76,1252.65,1790.7064,1267.6991,pl40
24644,1792.04,1250.44,1806.6421,1268.1416000000002,pn
24672,1253.73,931.841,1267.1592,947.2637,pl80
24691,1411.51,950.0,1464.6018,998.23,w47
2476,1664.0,942.0,1719.0,993.0,w47
24782,1422.52,994.04,1437.7483,1011.2583,po
24782,1444.37,992.715,1457.6158999999998,1011.9205000000001,po
24782,1463.58,992.053,1478.1457,1011.2583,po
24782,1483.44,993.377,1497.351,1010.596,po
24809,516.0,995.0,539.0,1025.0,w21
24809,1236.0,1017.0,1260.0,1039.0,pm8
24890,568.254,946.032,606.3492,985.7143000000001,p14
24890,381.746,939.683,392.0635,956.3492,pne
24890,403.968,942.857,411.90476,957.1428999999999,i5
24890,745.238,956.349,765.0794000000001,978.5714,w47
24941,631.0,985.0,670.0,1055.0,pl110
25054,635.644,908.911,650.4958,923.7624,pne
25054,729.703,905.941,744.5545,921.7822,i4
25070,930.667,983.333,946.0003,998.6660999999999,w57
25141,1017.82,706.931,1104.9505000000001,785.1487000000001,w24
25197,1774.0,1054.0,1910.0,1186.0,w60
2543,1952.74,918.408,1989.5574,962.6865,ph3.3
2549,1134.66,955.114,1163.6364,984.6591000000001,ph3.3
25556,1496.0,930.667,1604.0,1037.333,pr30
25614,609.333,822.667,694.6667,913.3333,p9
25709,1320.0,753.333,1365.3333,800.0,pl35
25836,1993.38,901.987,2040.3974,962.9139,w63
26075,1737.33,880.0,1836.0,980.0,pm25
26169,1724.8,868.8,1816.0,962.4,pr30
26263,29.0,1067.0,77.0,1126.0,i12
26409,265.333,997.333,340.0,1078.6637,pm15
26449,1095.52,902.488,1121.393,927.3632,w21
26632,1457.6,985.507,1476.8138999999999,1021.0142,w15
26632,1122.46,942.754,1137.6822,960.8698,pl80
26632,1140.58,943.84,1155.0747999999999,959.7828000000001,pn
26687,613.0,1007.0,677.0,1089.0,pm10
26741,537.748,944.371,548.3444000000001,963.5762,p17
26741,532.45,965.563,541.72185,985.4304999999999,p12
26741,543.709,966.225,553.64238,984.7682,p22
26832,57.1429,950.794,72.2222,971.4286,pne
26832,97.619,954.967,110.3175,972.1854,i5
26832,874.603,961.111,887.3016,975.3968,pne
26832,941.27,958.94,953.6424,973.8094000000001,i5
26931,1358.67,673.333,1430.6667,746.6667,pr50
27025,782.667,1146.67,813.3333,1172.0,w63
27025,578.667,1138.67,602.6667,1161.3333,w63
27047,1207.92,957.426,1221.7822,973.2661,pne
27047,1303.96,955.446,1316.8317,970.297,i5
27048,1352.0,971.0,1392.0,1012.0,pm8
27081,1328.0,928.0,1387.0,985.0,pr30
2725,542.105,936.842,568.4211,993.4211,ps
2725,534.21,990.789,572.3681,1063.1574,i10
27583,525.333,437.333,588.0,560.0,ps
27583,597.333,494.667,646.6667,606.6669999999999,i10
27593,660.0,1001.33,694.6667,1036.0,pl110
27621,1161.11,936.508,1176.1905,952.3810000000001,pne
27621,1220.63,938.095,1235.7143,953.1746,i5
27822,889.683,1153.97,907.1428999999999,1196.0317,i12
27872,1117.05,955.681,1132.3863999999999,968.7495,pne
27872,1152.84,957.387,1167.6163999999999,971.0232,i5
2790,1152.48,939.604,1167.3267,954.4554,pne
2790,1195.05,939.604,1208.911,955.4455,i4
27935,830.952,944.444,843.6508,960.3175,pne
27935,915.873,942.063,930.952,957.9365,i5
27935,1100.79,936.508,1114.2857,953.1746,i4
27935,1169.05,937.302,1182.5397,954.7619,i2
27936,1308.41,968.142,1346.9027,1006.1952,w47
27952,1900.0,466.0,1987.0,553.0,w30
27998,1234.0,70.0,1449.0,231.0,pr30
28000,857.144,941.269,869.0482,955.5556,pne
28000,916.667,939.683,930.9524,954.7619,i5
28138,17.1053,1123.68,47.3684,1169.7368000000001,w63
28211,1118.42,1006.58,1143.4211,1034.2105000000001,pl15
28341,1206.82,906.25,1230.6808999999998,931.2501,w21
28357,505.333,1088.0,629.3330000000001,1221.333,pm2
28371,919.868,949.007,933.7748,962.2516999999999,pne
28371,1086.75,938.411,1096.68874,950.5681999999999,pl50
28371,1098.86,939.073,1109.6518999999998,951.1364,pn
28387,1972.0,885.333,2038.6667,974.6667,pm15
28402,1872.37,957.895,1898.6842,986.8421,w63
28753,917.822,948.295,931.8182,964.2036999999999,pne
28753,1109.9,938.068,1118.8118800000002,951.1371,pn
28851,1112.7,946.032,1126.9798,961.1111000000001,pne
28851,1160.32,950.0,1172.2222,960.3175,i5
29010,1500.0,920.0,1572.0,992.0,pm25
29057,1094.74,781.579,1146.0526,832.8943999999999,w21
29198,507.955,1177.27,521.0227,1194.3164,pne
29218,1806.0,910.0,1998.0,1110.0,pr50
29303,1649.0,906.0,1770.0,1038.0,pl110
2932,1846.9,780.088,1880.0885,823.8937999999999,ph4.8
29395,73.3333,962.667,162.6667,1053.3336,pr20
29395,1809.33,1024.0,1864.0,1078.6634,pm50
29443,1116.0,930.0,1254.0,1065.0,pm10
2958,844.737,910.526,931.5789,1057.895,w42
29604,1531.37,1003.96,1545.098,1023.7570000000001,pne
29730,1745.1,921.569,1827.451,1000.0,pl15
29831,1289.33,933.333,1361.3333,1005.3333,pm25
29905,939.735,945.695,950.9934000000001,957.6159,pne
29905,1016.56,943.709,1027.8146,956.9535999999999,i5
3000,1149.26,942.786,1164.6791,959.7014999999999,pl60
30069,323.864,1048.87,338.0685,1061.9363999999998,pne
30124,1260.79,986.379,1273.0864,999.6682000000001,pl5
30124,1326.91,977.076,1339.1993,990.3651,pl5
30124,1400.0,993.688,1410.6268,1005.9801,pl5
30124,1466.44,994.353,1477.4053000000001,1007.3095999999999,pl5
30207,845.0,843.0,855.0,855.0,pn
3032,400.0,854.667,549.333,1017.3330000000001,pm50
30439,995.238,780.158,1095.2379,881.746,ph2.8
3045,1258.67,1040.0,1293.3333,1093.3333,pm10
30696,1789.33,892.0,1834.6667,946.6667,ps
3076,1934.66,1016.34,1950.5976,1031.0757,pg
30850,948.863,953.947,957.3856400000001,965.7895,pne
30850,1109.52,943.182,1118.25397,953.4093,pn
30888,1229.33,1025.33,1261.3333,1056.0,pl10
31050,1869.33,910.667,1961.3333,1008.0,pr30
31116,1117.46,960.317,1127.7778,970.6349,pne
31325,635.227,894.886,642.61364,916.4773,pne
31325,652.841,897.159,659.09091,919.8864,i5
31325,778.977,997.159,787.5,1007.3864,pne
31325,1164.77,1003.41,1173.29545,1014.7727,pne
31325,1413.64,926.136,1438.0682000000002,956.8181999999999,w47
31325,1769.89,934.659,1780.6818,953.4091,pne
31325,1800.0,932.386,1812.5,948.8636,i5
31430,1710.67,997.333,1769.3333,1064.0,pm15
31470,1619.6,978.406,1634.2225999999998,994.0201999999999,w15
31470,1525.58,977.077,1544.5172,996.3457,w16
31592,1805.97,955.223,1828.3582000000001,980.5966,ph2.8
31823,1081.75,941.27,1096.0317,957.1428999999999,w13
31823,1097.62,942.063,1112.6984,957.1428999999999,w57
31833,923.904,960.558,956.1749,995.6175,ph3.3
31953,1380.0,1006.67,1401.3333,1026.6667,pr60
32005,519.0,973.0,650.0,1115.0,pm10
32032,276.471,845.098,331.3725,915.6863,ph4.4
32148,398.864,1088.63,410.79549999999995,1103.4064,pl40
32148,412.5,1089.2,426.7045,1104.5436,pn
32321,1673.33,878.667,1751.9967,965.3333,i10
32363,1508.0,942.667,1636.0,1090.667,pr30
32414,1240.48,961.905,1253.1746,976.1904999999999,w13
32414,1254.76,961.905,1267.4584,976.1904999999999,w57
32414,1605.56,988.889,1630.1587,1015.0797,w30
324,776.0,871.0,836.0,931.0,pr50
32559,1858.15,912.033,1918.8415,968.2406,pr50
32567,1567.0,970.0,1649.0,1055.0,pr60
32567,905.0,1005.0,919.0,1018.0,i5
32708,1147.37,936.842,1171.0526,986.8421,w63
32716,1644.0,932.0,1765.333,1044.0,w22
32751,284.0,842.0,357.0,930.0,p9
32881,152.0,1010.67,190.6664,1049.3333,pl15
32975,1395.0,711.0,1465.0,786.0,pr60
32975,1267.0,704.0,1347.0,771.0,w22
33052,160.317,982.54,178.5714,1008.7302,ps
33052,160.317,1008.73,176.1879,1031.746,i10
33058,1245.03,945.033,1254.30464,954.96689,i5
33058,1176.16,943.046,1186.09272,956.2916,pne
3317,1618.67,900.0,1685.3333,969.3333,pl110
33239,1644.74,972.368,1663.1579,992.1053,w63
33461,457.0,898.0,519.0,978.0,pr50
33641,1093.33,814.667,1124.0,845.3333,pl35
33675,913.907,926.49,927.1523000000001,942.3839,pne
33675,976.159,927.152,994.0397,940.3974000000001,i4
33675,1103.31,924.503,1114.5694999999998,939.7351,pl40
33675,1119.21,923.842,1130.4658,938.4114,pn
33675,363.768,915.942,373.55071999999996,939.4928,pne
33675,403.623,919.928,412.68116,940.942,i4
336,1403.96,978.218,1419.8020000000001,994.0594,w30
33723,1141.04,983.665,1149.0071699999999,993.6255,pne
33884,1144.0,708.0,1194.6667,756.0,pl35
33890,1170.2,962.252,1200.0,991.3906999999999,w63
33956,1145.7,945.695,1158.9404,959.6026,pne
33956,1211.26,943.709,1224.5049999999999,959.6025999999999,i5
33956,1812.58,938.412,1822.5218599999998,958.278,i5
33993,869.307,951.485,883.1683,965.3465,pne
33993,919.802,951.485,933.6634,963.3663,i5
34046,1882.0,1244.0,1996.0,1421.0,pr80
3407,1234.92,984.127,1279.366,1032.5396,pm5
34147,765.044,995.576,780.5309,1011.9473,pne
34173,665.873,922.222,680.1587000000001,934.9206,pne
34173,752.381,920.635,764.2857,933.3333,i4
3422,888.095,942.857,899.2063,957.1428999999999,pne
3422,971.429,938.889,984.127,956.3492,i5
34290,912.0,452.0,1025.333,536.0,w63
34293,1156.95,922.516,1169.5364,936.4232999999999,pne
34293,1196.03,923.179,1209.2715,938.4105999999999,i4
34293,1350.99,924.503,1360.2649,938.4106,pn
34298,1131.82,949.432,1143.75,963.0682,pn
34475,1186.0,237.0,1389.0,391.0,pr60
34510,601.6,943.2,637.6,991.2,pm5
3470,1079.21,956.638,1094.2504000000001,971.6819,pn
34817,420.0,978.0,467.0,1052.0,pm8
34837,1688.0,845.333,1765.3333,924.0,pm50
34892,1796.0,945.333,1910.667,1069.333,pm15
35158,1094.7,1002.65,1113.9073,1026.4901,pl15
35159,647.368,896.053,659.2105,920.5298,pne
35159,674.834,901.316,684.20997,923.6842,i5
35242,303.968,953.968,317.4603,972.2221999999999,pne
35242,339.683,956.349,350.7942,972.2222,i5
35242,908.73,960.317,919.8413,973.8095,pne
35242,953.175,961.905,965.8729999999999,974.6032,i5
35293,1323.45,937.611,1336.7257,950.4425,pl80
35293,1339.38,938.053,1353.9823000000001,951.7699,pn
35310,1112.39,968.142,1124.3363000000002,980.9735000000001,pn
35379,1651.2,973.6,1729.6000000000001,1047.2,w22
35591,881.188,951.485,894.0594,964.3564,pne
35591,929.703,952.475,942.5743,967.3268,i5
35600,711.765,972.549,731.3725,1001.9608,ps
35600,717.647,998.039,732.6733,1021.5686,i10
35664,1689.33,746.667,1770.6634,829.3336,pr30
35700,1142.03,949.275,1154.711,963.4058,pl80
36031,1460.0,940.0,1636.0,1092.0,w50
36076,972.847,933.112,1025.1656,983.4431999999999,ph2
36095,447.368,1013.16,468.254,1038.8889,ps
36279,857.616,981.457,873.5099,998.6754999999999,p14
36320,786.364,1000.57,795.45455,1010.7955000000001,pne
36320,1138.64,1003.98,1146.5909100000001,1014.2045,pne
36320,1318.18,943.182,1337.5,961.9318000000001,w47
36320,1673.86,939.205,1682.95355,955.6818000000001,pne
36320,1697.16,936.364,1709.6591,952.8409,i5
36320,1760.8,927.273,1776.7045,974.4318000000001,p14
36354,1277.11,933.83,1293.0299,949.2532,pn
36367,1071.31,949.801,1082.8685,962.1514000000001,pn
36385,715.538,1068.92,726.2948,1095.6175,pne
36424,1373.02,966.667,1382.53968,980.1587000000001,pl50
36424,1384.13,967.46,1393.6507900000001,980.1587000000001,pn
36490,1519.53,953.784,1547.4104,981.6729,ph2.8
36575,1174.13,966.667,1201.99,995.0249,ph2.8
36660,1371.43,980.952,1396.8639,1026.1905,i10
36761,49.505,925.743,86.1386,963.3670000000001,w30
367,1629.37,1053.17,1643.6508,1072.2222000000002,pn
36820,1835.0,969.0,1938.0,1075.0,i12
36869,1633.52,990.909,1648.5248,1009.0909,p19
36907,1456.58,909.21,1502.6342,953.9472000000001,w63
36992,750.667,1008.0,804.0,1084.0,ps
37015,1274.18,843.046,1316.5608,887.4178,w21
37146,1037.17,983.186,1052.2124000000001,999.115,pne
37146,1192.04,952.212,1205.3147,968.5841,pn
37146,1565.49,987.168,1580.9759,1002.2124,pl30
37170,957.426,966.225,968.3168000000001,976.2375000000001,pne
37170,1010.89,966.337,1021.7822,979.2079,i4
37323,349.007,997.351,361.5894,1018.543,i5
37323,473.51,989.404,488.0952,1012.5828,p11
37323,474.834,1015.23,488.7417,1035.0993,pl5
37466,1134.92,928.571,1149.2063,942.8571000000001,pne
37466,1203.97,926.19,1219.0476,943.6508,i5
37619,1944.0,680.0,2010.4,764.8,pa14
3767,919.886,990.341,933.5227,1003.409,pn
37720,589.552,953.731,618.905,980.5963,w63
37726,1351.49,773.267,1406.9307000000001,832.6742,w21
37759,1834.0,734.0,2004.0,933.0,pr50
37888,1920.25,953.068,1933.7423,969.6321,pn
37888,1904.9,953.067,1919.0152,969.6317,pl60
37923,1412.87,969.307,1428.7129,993.0693,ps
37923,1415.84,993.069,1430.6931,1014.8515,i10
38074,521.854,1003.97,534.4371,1020.5298,pl5
38163,825.743,933.663,840.5941,950.495,pne
38163,889.109,932.673,904.9505,947.5248,i5
38218,838.614,912.871,853.4653000000001,931.6831999999999,pne
38218,885.149,915.842,900.9901,929.703,i4
38275,530.0,975.0,606.0,1041.0,w58
38447,988.0,915.429,999.4286,926.2857,pl100
38447,1001.14,914.286,1013.1428999999999,925.7143,il80
38447,1026.29,913.714,1037.7142999999999,924.5714,pl100
38447,1042.29,912.571,1052.0,924.0,il60
38447,1065.71,913.143,1077.1429,923.4286000000001,pl100
38447,1081.14,911.429,1091.4286000000002,924.0,il60
38449,1360.0,1038.0,1404.0,1083.0,pm10
38677,44.8864,989.772,62.5,1010.7953,p9
38825,169.048,940.476,180.9524,960.3175,pne
38825,200.0,944.445,212.698,963.4918,i5
38825,884.127,953.968,896.0317,968.2539999999999,pne
38825,943.651,954.762,957.1428999999999,968.2544999999999,i5
38838,1122.22,961.111,1132.5397,973.8095,pne
38838,1170.63,962.698,1181.746,972.22222,i5
38838,1857.94,947.619,1870.6349,963.4921,pne
38838,1896.03,946.032,1907.9365,963.4921,i5
38859,1436.93,876.704,1490.3409000000001,931.8181999999999,ph3.3
38962,1195.05,922.222,1209.901,936.5079,pne
38962,1293.07,925.397,1308.9108999999999,940.5931,i5
39033,1041.0,656.0,1109.0,720.0,pr30
39114,1411.84,830.263,1530.2669999999998,930.2622,w30
39216,1106.64,947.345,1120.3589000000002,963.2743,pn
3926,900.99,936.634,914.7727,953.9773,pne
3926,981.188,934.653,994.8864,948.2955000000001,i4
3926,1116.83,919.886,1130.6931,939.7723,pl50
3926,1131.68,921.023,1145.4545,938.6369,pn
39604,1832.89,976.316,1881.5789000000002,1022.3684000000001,w45
39661,1060.4,902.97,1107.9208,956.4356,ph2.8
39662,620.0,928.0,670.6667,976.0003,ps
39699,811.905,980.159,830.1587,994.4444,p23
39811,756.0,1019.0,806.0,1064.0,w30
39813,1268.63,835.845,1307.3331,871.3484000000001,w21
39961,1416.0,996.0,1506.6667,1090.6667,pl60
40063,1034.44,901.324,1062.9139,927.1520999999999,w21
40063,1071.53,899.338,1100.6644999999999,927.8145999999999,w42
40063,1109.27,896.026,1138.4106,927.1523,p1
40107,1327.45,976.471,1354.902,1013.7255,pl15
4013,1441.33,1012.0,1485.3333,1061.3333,pm15
40141,547.0,1024.0,604.0,1098.0,pr20
40146,1319.93,907.973,1340.5327,929.9002999999999,w15
40146,1150.17,966.777,1179.0709000000002,995.0164000000001,w16
40146,1216.94,987.043,1231.2292,1001.9934,p5
40336,707.968,990.04,727.0916,1012.3499999999999,pm10
40359,1115.23,945.695,1125.8278,958.278,pne
40359,1186.75,948.344,1196.00881,959.6026,i5
40374,1295.2,948.0,1344.0,993.6,w22
40374,1109.6,988.8,1124.8,1004.8,i4
40424,1816.0,649.333,1882.6667,722.6667,ps
40424,1898.67,662.667,1964.0,738.6667,i10
40430,769.333,940.0,794.6667,977.3333,ps
40432,1286.75,833.775,1333.1109,884.1066,p1
40453,915.789,925.0,992.1052999999999,1088.158,pl15
40702,1237.25,-25.49,1552.941,180.392,w21
40766,1062.68,959.702,1073.1318,971.6423,pn
40857,1116.67,953.968,1127.7778,966.6667,pne
40857,1165.08,956.349,1179.3651,972.2222,i5
40862,1370.3,972.277,1390.7894999999999,994.7368,ps
40862,1371.29,990.789,1388.1579,1010.5263,i10
40962,182.4,860.8,263.2,960.8,pl10
41213,766.667,649.333,905.3330000000001,750.6669999999999,ph3.5
41391,916.67,617.46,1033.3329999999999,719.841,w21
41391,1053.17,607.143,1176.19,711.111,w42
41391,1194.44,592.857,1318.252,710.317,p1
41429,1584.0,921.333,1617.3333,961.3333,ps
41439,749.505,972.277,764.3564,997.0297,pne
41439,771.287,973.267,783.1683,997.0297,i5
41593,1593.33,788.0,1657.3333,854.6667,ph4.2
41611,664.0,982.0,710.0,1030.0,pm10
41625,758.667,926.667,832.0,1002.6667,pm50
41668,685.0,1086.0,699.0,1100.0,pne
41668,1587.0,1053.0,1602.0,1069.0,po
41818,808.911,974.257,823.7624,990.0989999999999,pne
41829,907.08,917.699,942.0354,956.1958,ph2.8
41893,1609.42,562.292,1721.877,680.908,pr70
41933,39.604,968.317,81.18809999999999,1008.9109,w16
42093,1232.27,925.498,1246.6108,941.4345000000001,w15
42093,1102.79,972.908,1119.5219,990.0396000000001,w16
42138,1849.33,897.333,1937.3333,984.0,ps
42224,565.563,996.689,574.83444,1012.5828,p11
42224,564.238,1011.26,576.1589,1030.473,pl5
42317,1201.6,835.2,1370.3999999999999,1002.4000000000001,pl10
42323,1033.33,947.618,1049.9963,962.6977,pl40
42398,1023.0,870.0,1068.0,915.0,pr70
42437,1081.25,904.545,1105.6782,928.4091,w22
42577,1756.86,852.941,1856.8629999999998,952.941,p14
4259,138.667,1037.33,238.667,1164.0,pr20
42695,1577.54,905.072,1635.8696,957.6083,w16
42803,1569.33,925.333,1649.33,1006.6667,pm15
42814,973.143,906.857,986.2857,918.8571,pl100
42814,990.286,905.143,1002.8571,918.2857,il80
42814,1017.14,904.571,1028.5714,916.5714,pl100
42814,1033.14,904.0,1046.8571000000002,917.1429,il60
42814,1060.0,903.429,1072.5714,915.4286,pl100
42814,1077.71,902.286,1090.2857000000001,915.4291999999999,il60
42995,1561.84,814.474,1706.5819999999999,940.789,w30
43006,1136.8,948.0,1150.3999999999999,963.2,pne
43019,895.238,1301.59,915.873,1334.127,i10
43094,1197.33,736.0,1268.0,808.0,pr60
43252,1015.9,885.431,1076.8201999999999,944.3714,ph3.3
43413,1761.33,798.667,1852.0,925.3330000000001,ph2.4
43461,908.849,865.044,959.7345,921.6809,ph2.8
43588,756.0,683.0,819.0,749.0,pr30
43592,521.854,952.318,555.6289,1001.3248,w63
43650,1497.33,896.0,1577.3333,980.0,pr60
43668,1210.67,1018.67,1240.0,1046.6667,w43
4372,1128.71,952.475,1140.5941,966.3366,pne
4372,1190.1,952.475,1204.9505,968.3168000000001,i5
43768,721.782,169.307,1001.98,384.158,w21
43768,1042.58,138.614,1354.455,345.544,w42
43768,1404.95,153.465,1676.238,364.356,p1
43825,1102.49,923.881,1124.3781,945.2736,w21
43899,1441.18,976.471,1496.0526,1023.5294,w42
44034,711.0,862.0,792.0,944.0,pr50
44047,288.889,1261.12,311.1109,1286.5051999999998,i10
44110,1029.89,931.873,1047.0167000000001,948.2077,w22
44140,884.513,987.611,898.6726,1002.2123,pl5
44140,969.911,976.107,984.0708,989.8234,pl5
44140,1053.78,993.227,1066.9307,1007.9680999999999,pl5
44140,1131.88,992.431,1144.2299,1006.7738,pl5
44140,1216.34,977.291,1231.4788999999998,992.8285000000001,pl5
44140,1372.91,981.673,1386.8526000000002,994.8207,pl5
44366,979.104,836.318,1039.8005,894.5274,ph3.3
44378,1877.33,960.0,1914.6667,1012.0,ps
44503,1389.47,736.842,1463.1537,813.1577,p1
44913,982.0,912.0,996.6667,926.6667,p26
44913,999.333,911.333,1014.0,926.6667,p3
44913,982.667,928.667,996.6667,942.6667,pl120
44913,999.333,928.667,1014.0,942.6667,il100
44913,1032.0,927.333,1046.6667,942.0,pl110
44913,1048.0,926.667,1064.0,942.0,il90
44913,1079.33,926.667,1096.0,941.3333,pl90
44913,1098.0,926.0,1112.0,942.0,il60
44913,1136.67,926.0,1150.6667,939.3333,pne
45006,1245.03,941.06,1256.2914,951.6555999999999,pn
45047,1050.79,958.73,1067.4603,973.0141,pl40
45055,1042.03,928.623,1061.9581,948.9133,w21
45055,1068.12,927.899,1089.1303999999998,946.7394,w42
45055,1093.49,925.725,1114.8628,946.7394,p1
45270,167.46,953.175,179.3651,968.2539999999999,i5
45270,884.921,960.317,896.8262000000001,975.3968,pne
45270,939.683,959.524,953.1745999999999,976.1905,i5
45270,1722.22,912.698,1734.9206,934.9205999999999,pne
45270,1762.7,904.762,1776.9841000000001,926.1904999999999,i5
45276,1154.76,947.619,1168.254,962.6984,pne
45276,1208.73,948.413,1223.0159,961.9048,i5
45295,1090.03,982.906,1103.9882,996.2962,w16
45295,1157.26,988.319,1167.5164,997.7207999999999,p5
45295,1205.98,940.171,1219.0879,953.2764000000001,w15
45343,1380.0,888.0,1410.6667,918.6667,i14
45424,381.333,1018.67,502.66700000000003,1172.0059999999999,pm10
4542,1086.28,945.133,1099.5526,957.9651,pn
4550,1105.94,821.782,1152.4752,866.3348000000001,w22
45761,323.841,966.887,356.9536,1004.6357999999999,pm10
4580,273.0,1148.0,312.0,1184.0,w63
46043,1274.0,956.0,1321.0,1018.0,i3
46175,666.667,945.238,680.9526000000001,959.5236000000001,pne
46175,745.238,942.857,757.1429,953.9683,i4
46206,1565.0,807.0,1623.0,871.0,pr70
46206,1567.0,897.0,1621.0,958.0,pr60
46207,1154.58,956.175,1165.7370999999998,967.7290999999999,pn
46372,1602.63,989.474,1628.9474,1019.7368,w26
463,229.801,935.099,241.0596,949.6689,pne
463,275.497,937.086,289.404,952.3179,i5
463,1019.87,946.358,1030.4636,959.6025999999999,pne
463,1067.55,947.682,1078.1457,958.9404000000001,i5
463,1805.96,896.689,1815.23179,919.2053,pne
463,1845.03,890.066,1859.6026,914.5695000000001,i5
4653,569.737,846.052,635.5264999999999,926.3156,w15
46561,197.333,994.667,274.6667,1092.0,pr20
46734,1557.0,991.0,1619.0,1057.0,pr50
46755,1307.92,921.782,1320.7921000000001,934.6535,pne
46812,1539.0,986.0,1596.0,1043.0,pr30
46871,1139.0,530.0,1254.0,636.0,pr60
46919,402.667,980.0,437.33329999999995,1030.6667,pm15
46919,729.333,1006.67,754.6667,1034.6667,pm5
47056,1768.0,979.0,1847.0,1067.0,pr60
47073,169.886,1022.73,190.9086,1052.8391,w58
47110,1861.33,602.667,1922.6667,672.0,pl10
47178,1449.33,684.0,1527.9967,764.0,pl35
47182,934.513,1072.12,950.0,1097.3451,pne
4730,1594.67,936.0,1669.3333,1012.0,pm5
4742,1537.33,1012.0,1628.0,1102.6667,pm10
47461,1518.67,988.0,1578.6568,1049.3336,pa13
47500,1450.4,587.452,1571.303,699.2,pr50
47500,1329.6,571.2,1450.3999999999999,684.8000000000001,pr70
47628,351.705,978.977,363.0682,997.7273,pne
47669,1910.67,918.667,1974.6667,977.3333,w3
47680,1313.6,987.2,1364.0,1032.8,w16
47735,1124.8,625.6,1224.876,721.7635,pr70
48065,1355.0,942.0,1386.0,980.0,pm10
48069,1299.0,689.0,1372.0,753.0,w49
48069,1365.0,688.0,1436.0,761.0,pm25
48069,1440.0,699.0,1507.0,769.0,pa10
48087,1736.84,971.053,1759.2115,997.3684,w63
48108,842.574,955.446,857.4257,971.2871,pne
48108,900.99,957.426,914.8515,973.2673000000001,i5
4815,1460.78,950.98,1511.7507,998.0392,pl15
48208,920.513,991.453,935.6125000000001,1007.4073,pne
48208,1480.16,996.825,1493.6508000000001,1016.6667,pl50
48214,1297.15,955.271,1312.2507,1006.8376,w16
48297,749.206,904.762,783.3333,949.2062999999999,ph3.3
4830,838.889,946.032,853.9683,963.4921,pne
4830,901.587,947.619,915.0794,964.2857,i5
48378,1577.0,971.0,1601.0,997.0,pl90
48378,1240.0,956.0,1263.0,982.0,pl90
48417,1464.36,961.386,1488.1326,983.1682999999999,w63
48464,1219.04,837.302,1258.7248,880.159,w24
48601,1157.33,856.0,1200.0,901.3333,ph4.3
4861,1051.09,940.58,1066.3043,956.5221,pl80
4861,1067.39,941.305,1081.8841,956.1597999999999,pn
48687,1156.44,873.267,1190.1078,902.9703000000001,w42
48687,1189.11,874.257,1219.8072,903.9597,w8
48687,1221.78,875.248,1253.4653,904.9505,w30
48711,1697.79,816.814,1727.4361,852.2124,ph4.8
48715,1933.0,833.0,1982.0,884.0,pr30
48806,1392.82,958.566,1405.1744999999999,970.1195,pn
48877,610.945,980.1,623.8806000000001,1004.4776,pn
49023,1671.2,990.4,1740.0,1060.8,pr30
49096,1188.07,922.727,1208.5227,945.4544999999999,w21
49233,1005.0,1151.0,1071.0,1207.0,ps
49252,1326.32,953.947,1342.1053,990.7895,ps
49252,1325.0,989.474,1342.5743,1022.3684000000001,i10
49322,918.254,987.417,928.4768,1001.9864,p23
49339,408.0,948.0,486.4,1022.4,w34
49339,1800.8,942.4,1876.8,1016.8,w34
49542,1365.93,950.0,1393.3628,977.4326,w63
49676,1610.67,976.0,1672.0,1041.3336,p1
49679,288.158,948.684,322.3688,985.5263,w63
49751,10.7955,927.273,38.068200000000004,962.5,ph2.6
4978,1517.65,643.137,1605.8824000000002,741.1764999999999,w21
49799,1103.62,950.362,1116.6619999999998,963.7683999999999,pn
49828,911.111,950.794,922.2222,963.4920999999999,pne
49828,980.952,950.794,989.68254,962.6984,i5
49858,151.485,932.673,165.34650000000002,951.4851,pn
49888,1173.68,989.474,1203.9773,1022.1591000000001,pl15
50155,1481.59,951.741,1497.0174,967.6617,pl40
50171,850.794,942.857,865.8729999999999,957.9365,pne
50171,909.524,940.476,923.8095,956.3492,i5
50182,1276.7,958.523,1288.0682,986.5079000000001,ps
50182,1246.02,994.444,1269.0475999999999,1019.8861999999999,w18
50182,1277.62,986.932,1290.6872999999998,1011.3636,i10
50186,1133.33,948.413,1142.8571399999998,958.7302,pne
50186,1200.79,949.206,1210.31746,961.9048,i5
50236,679.759,969.733,698.6704,999.4144,w15
50392,1158.21,999.004,1176.1195,1017.4124,w20
50397,1125.83,973.51,1150.9933999999998,998.0132,w63
50643,1136.28,944.248,1149.5575,960.1774,pn
50703,1437.82,941.441,1454.9247,982.2305,ps
50703,1438.61,989.109,1459.3855999999998,1033.6634000000001,i10
50814,1251.33,983.628,1265.0492,997.7872000000001,w58
50814,1084.95,984.514,1097.3402,998.2305,p5
50982,1565.6,975.2,1648.0,1069.6000000000001,i15
5107,461.333,882.667,542.6667,960.0,ps
51194,1417.0,935.0,1497.0,1015.0,pr60
51227,1073.19,946.376,1087.6835,961.9562,w13
51346,1049.56,1008.41,1068.1464999999998,1029.6485,pm8
51397,545.545,951.485,572.2772,988.2355,ps
51397,545.098,986.275,574.5097999999999,1019.802,i10
51450,1460.0,1010.67,1528.0,1080.0032999999999,pm10
51582,1414.0,356.0,1562.0,485.0,pr60
51582,1565.0,374.0,1712.0,508.0,w47
51645,673.267,916.832,712.8718,985.1485,w30
51670,919.868,949.007,934.4371000000001,965.5628999999999,pl50
51670,939.073,949.669,952.9801,965.5629,p11
51701,949.007,515.232,1100.0,638.41,w24
51781,19.6078,821.569,112.2572,918.2389999999999,w16
5186,356.863,1072.55,464.706,1223.529,w20
51925,847.619,983.333,861.9048,998.4127,p23
52058,1164.0,775.0,1218.0,828.0,pr70
52058,1220.0,777.0,1273.0,832.0,pr50
52058,1269.0,782.0,1322.0,832.0,w22
52094,1592.86,954.762,1610.3174999999999,983.3332999999999,ps
52094,1592.06,987.302,1614.2045,1014.2857,i10
52094,949.206,961.932,960.2273,974.4318000000001,pne
52094,1082.54,957.937,1089.68254,965.90909,pn
52147,1108.52,869.318,1166.47,927.2727,ph3.3
5217,230.682,1105.11,244.88619999999997,1121.5873,p23
52230,1835.74,475.2,1941.781,603.413,pr60
52230,1692.58,437.6,1827.971,577.317,w21
52279,1743.56,992.025,1752.14724,1002.454,p10
52428,1256.35,953.175,1266.6667,967.4603,pl40
52428,1272.22,955.556,1280.95238,969.0476,p11
52428,1285.71,956.954,1296.6887,969.5369,pn
52488,1644.0,965.333,1728.0,1056.0,pm25
52583,1508.73,1003.17,1530.1587,1022.2174,w30
52584,1459.13,984.718,1474.0831,1001.3290999999999,w16
5266,903.922,872.549,992.1569000000001,968.6279,ph2
5273,1146.36,935.099,1162.2516999999998,949.0066,pne
5273,1186.09,935.099,1196.02874,949.6686000000001,i4
5273,1327.81,937.086,1337.08609,949.0074,pn
5274,1187.42,1002.65,1214.5695,1032.4503,pm8
52857,38.6667,890.667,89.33330000000001,950.6667,pm15
5292,223.0,611.0,387.0,773.0,p28
52970,686.139,1005.94,695.0495,1021.7822000000001,pne
5308,739.474,967.105,767.1053,998.6842,p22
53104,1742.67,892.0,1893.333,1069.333,ph5.3
5324,1036.29,958.85,1049.1176,972.5664,pn
5328,2047.0,1241.0,2049.0,1248.0,p26
53363,1235.53,919.737,1292.1069,968.4211,w30
53477,1046.02,919.886,1069.3182,943.7506,w22
53513,17.0,672.0,93.0,782.0,pr70
53513,19.0,829.0,91.0,939.0,pr60
53549,1572.15,990.049,1585.0796,1004.9746,p5
53624,424.603,984.921,440.4762,1003.1746,ps
53624,425.397,1001.59,440.4762,1019.0476,i10
53637,876.984,1000.0,896.8254000000001,1025.3968,pb
53763,662.667,672.0,736.0,746.6667,pl35
53810,1762.67,738.667,1802.6667,781.3333,pm40
53810,1762.67,789.333,1800.0,834.6667,pm46
53836,754.0,459.0,965.0,648.0,ph3
53849,1341.33,646.667,1413.3333,722.6667,pr30
54175,1615.69,949.02,1700.0,1037.2549,w26
54203,1856.0,1045.0,1916.0,1116.0,pr60
54207,1247.81,942.629,1262.5498,958.9641,pl80
54207,1264.14,944.622,1278.4829000000002,959.761,pn
54209,1291.3,933.333,1306.5171,951.087,pn
54264,1731.68,952.475,1761.3861000000002,977.2277,w30
54285,1302.49,956.716,1329.8557,982.5871,w16
54290,1352.98,948.344,1376.1589,974.1722000000001,w63
54336,863.2,936.0,984.0,1061.6,pm10
5435,1280.09,981.416,1294.6927999999998,995.5757000000001,p5
54783,1150.67,440.0,1270.6670000000001,553.333,pr30
54866,367.105,956.579,398.68420000000003,1009.2104999999999,pl15
54871,1113.0,942.0,1135.0,964.0,pl90
54871,795.0,941.0,814.0,961.0,pl90
54913,1209.33,1036.0,1233.3333,1069.3333,pm10
55185,394.667,1213.33,564.0,1374.664,w18
55228,1624.0,760.0,1693.3333,836.0,pl35
55264,999.999,830.159,1051.5873,876.9841,w21
55264,1065.08,826.984,1114.2866999999999,873.8090000000001,w42
55264,1126.19,821.429,1180.9524000000001,873.0162,p1
55269,880.913,940.026,895.455,953.8874,pne
55269,1083.17,926.733,1096.0227,942.5743,pl50
55269,1098.44,927.723,1110.3211000000001,940.3408999999999,pn
55319,1368.12,948.606,1380.0748999999998,964.1434,pn
55351,1096.02,940.708,1111.062,955.7525999999999,pl60
55351,1130.09,942.921,1142.9159,957.5221,ph5
55351,1145.57,942.035,1161.0593999999999,958.8484,pn
55351,1113.27,942.478,1128.3186,957.9645999999999,p1
55654,1210.62,919.912,1231.8608,940.7083,w43
55654,1238.94,920.796,1264.5992,946.4601,p1
55698,780.089,954.868,807.0801,984.5138000000001,ph2.8
55717,1486.14,963.366,1502.9703000000002,985.1485,ps
55717,1486.14,982.178,1503.9604000000002,1008.9109,i10
55927,1341.33,992.0,1376.0,1032.0,pm25
56118,1720.53,966.225,1740.3974,988.7420000000001,w45
56311,510.227,1061.93,525.5677999999999,1088.0664000000002,po
56373,1791.0,983.0,1917.0,1128.0,pr20
56442,42.8571,928.571,57.9365,943.6508,pne
56442,93.4211,923.81,105.2632,942.0635,i5
56452,316.0,846.667,400.0,933.3324,pl110
56452,310.667,936.0,397.3333,1024.0,pr80
56457,1946.05,932.895,1978.9474,1015.7895,pl15
5651,1265.08,887.302,1299.2062999999998,914.2857,i13
56533,1066.34,775.248,1131.6832,834.6539,w22
56583,102.841,1092.04,121.02269999999999,1106.8182,p23
56835,450.98,719.608,558.8240000000001,892.1569999999999,w63
56842,1889.0,531.0,1941.0,581.0,w63
57181,1123.81,953.967,1133.32863,965.8732,pne
57183,1173.64,883.242,1209.7809000000002,914.0442999999999,w24
57261,943.782,945.771,997.0154,992.0392999999999,ph2.6
5733,1872.0,934.0,1913.0,983.0,pl10
5745,1649.0,906.0,1724.0,984.0,ps
57575,1332.31,976.549,1347.7926,991.5928,pn
57619,205.333,906.667,236.0,945.3333,pl15
57757,1136.51,942.063,1152.381,954.7619,pne
57757,1214.29,945.238,1222.2222199999999,955.5556,i5
57757,1577.78,927.778,1584.91903,943.6505,pne
57817,1804.0,936.0,1934.664,1073.333,pr20
57839,1143.18,941.477,1153.9773,953.9773,pne
57839,1202.27,940.909,1214.2045,953.4091,i5
57839,1716.48,942.045,1725.56818,956.8181999999999,pne
57839,1739.77,942.045,1749.43182,957.9536999999999,i5
57851,1302.67,962.667,1350.6667,1016.0006000000001,pl110
57873,1572.37,1019.74,1640.7911,1089.4758,w20
57887,1173.81,929.365,1186.5078999999998,943.6508,pne
57887,1261.11,933.333,1273.8094999999998,946.8254,i5
57917,631.683,963.366,645.5446,981.1881,pne
57922,756.436,967.327,774.2622,991.0891,ps
57922,760.396,989.109,772.2772,1005.9406,i10
58018,1399.12,1018.14,1411.0619,1032.7434,p5
5814,1124.0,794.667,1170.6667,840.0,ps
5814,1180.0,793.333,1228.0,844.0,i10
58222,324.0,1044.0,384.0,1104.0,pm50
58268,1849.6,966.4,1862.3999999999999,982.4,pne
58280,1409.56,951.793,1423.1038999999998,965.3386,pl30
58280,1425.9,952.191,1438.6490000000001,965.7371,pn
58292,1960.0,1006.67,2014.6667,1072.0,pl15
58306,1043.37,903.54,1068.589,927.4335,w22
58352,84.106,921.192,111.92049999999999,976.8212,ps
58352,86.755,978.146,117.8808,1023.1787999999999,i10
58352,1098.68,958.706,1110.596,972.1841000000001,pne
58384,628.713,1003.96,641.5842,1017.8218,pne
58480,7.2,834.4,126.4,988.0,w16
58596,632.0,916.0,670.6667,968.0,ps
58762,848.344,945.695,858.9404000000001,957.6159,pne
58762,923.841,943.709,936.4238,956.9535999999999,i5
58763,1239.0,388.0,1370.0,503.0,pr30
58840,1592.05,973.51,1611.9205,994.0397,w45
58864,1121.78,943.564,1134.6535,960.396,pne
58864,1202.97,947.525,1211.88119,960.396,i5
58926,1067.16,918.407,1087.0647000000001,938.8055,w22
58974,1661.0,504.0,1780.0,635.0,pr70
59060,1773.33,993.333,1861.3333,1077.333,pm10
59141,821.333,984.0,919.9979,1097.333,pl15
5917,807.285,1001.99,954.967,1146.359,pl15
59199,1554.23,996.517,1571.1443,1012.9353000000001,w16
59302,1465.34,1009.66,1480.1154999999999,1027.8445,p5
59511,1265.93,942.921,1281.4159,959.293,pl80
59637,959.845,990.044,972.0930000000001,1002.658,pne
59675,150.993,1001.99,210.5956,1095.3642,pl15
59953,1396.02,1030.68,1414.7727,1051.1318,w58
59953,1115.91,981.25,1130.6782,998.2955,w59
60070,31.3725,901.961,145.0995,1015.686,w30
60087,1494.74,976.316,1519.7378,1005.2632,ps
60093,1154.23,947.463,1168.8406,963.0431,pl80
60486,1317.0,913.0,1378.0,973.0,pl110
6049,245.545,983.168,277.22769999999997,1042.5743,pl15
60554,1238.67,706.667,1342.6670000000001,801.3333,w34
6058,1658.21,923.383,1738.3085,1003.4831,w47
60599,1539.22,958.824,1666.667,1090.196,pl15
60690,1344.0,926.667,1393.3333,976.0,i15
60893,1636.0,932.0,1673.0,973.0,pm10
60950,1533.33,916.0,1625.3333,1005.3333,pr30
60970,854.305,943.046,867.5496999999999,960.2649,pne
60970,915.894,943.046,930.4636,958.2781,i5
60970,1071.52,948.344,1084.106,962.9139,pl50
60970,1087.42,947.682,1100.0,962.2517,pn
60970,1103.97,948.344,1115.2318,962.2517,p11
61081,969.333,657.333,1042.6667,730.6667,pr30
61108,1400.0,960.784,1445.098,1013.7255,w30
61296,1882.54,937.302,1902.3818999999999,965.8735,w63
61343,831.126,939.073,843.7085999999999,953.6424,pne
61343,915.894,937.748,928.4768,953.6424000000001,i5
61502,982.608,988.768,997.8261,1004.3475000000001,pne
61651,1199.44,899.432,1225.0064,925.5681,p1
61693,868.254,931.746,884.1270000000001,945.2381,pne
61693,965.079,926.984,977.7778,946.0317,i5
61986,1535.2,934.4,1623.2,1020.0,pr50
62021,328.903,950.831,343.85360000000003,968.7708,pn
62021,312.957,951.163,327.9068,969.1030000000001,pl60
62301,852.0,1127.0,904.0,1226.0,pm10
62314,519.737,1100.0,567.1052999999999,1169.7368,w58
6257,1425.37,1022.39,1438.8059999999998,1036.8159,p5
62817,1354.4,826.254,1453.9492,911.5656,w66
62975,1162.91,932.45,1205.298,978.1457,w45
63115,1151.49,983.168,1173.3042,1004.9505,pl15
63249,1872.55,927.451,2021.569,1084.314,pb
63253,202.632,967.105,309.211,1090.476,w18
63260,1469.0,954.0,1511.0,997.0,ph2
6339,1533.6,913.6,1606.3999999999999,989.6,pr60
6345,1449.02,972.549,1498.0392,1029.4118,pl15
63494,1201.0,635.0,1274.0,702.0,pr60
63494,1261.0,636.0,1335.0,701.0,w24
63494,1338.0,643.0,1413.0,709.0,w21
63499,1975.0,944.0,2030.0,1000.0,w21
6349,1344.0,964.0,1385.0,1003.0,w30
63629,939.474,1010.53,965.7895000000001,1063.1579,pl15
63779,1118.14,969.027,1132.2959,984.5133000000001,pl40
63779,1528.76,1024.78,1539.3805,1047.7875999999999,pne
63779,1543.36,1023.45,1554.8673,1046.0177,i5
63894,770.667,902.667,825.3333,970.6667,w42
63953,852.0,761.0,955.0,902.0,p2
64110,1164.24,1078.15,1201.9868,1139.0728000000001,pc
64173,1125.0,1002.18,1138.7712,1014.4974,pn
64207,437.302,867.46,451.5873,898.4127000000001,pne
64207,473.016,874.603,488.09520000000003,903.1745999999999,i5
64207,703.968,1008.73,713.4920599999999,1023.0159,pne
64207,1181.75,1010.32,1194.4444,1023.8095000000001,pne
64207,1987.3,911.905,2001.5873,934.127,pne
64207,1815.08,852.381,1858.7302,915.0794,w47
64218,755.446,977.228,767.3267000000001,999.0098999999999,pne
64218,771.287,977.228,782.1782000000001,1000.0,i5
64225,1271.0,635.0,1369.0,728.0,pr30
64242,1404.0,998.0,1439.0,1031.0,pr30
64308,1371.6,978.49,1452.4751999999999,1070.6469,pm5
6442,837.302,935.714,852.381,953.1746,pne
6442,900.0,933.333,915.0794,951.5872999999999,i5
64432,201.812,976.812,214.1304,992.3916,p10
64458,1658.42,976.238,1678.2178000000001,992.7152000000001,w13
64458,1658.42,955.446,1677.2277000000001,974.8344000000001,w57
64496,425.166,927.152,439.0728,950.3311,p17
64496,417.881,952.318,431.7881,975.4967,p12
64496,433.775,952.318,446.3576,974.1726,p22
64553,1058.42,935.644,1071.2871,948.5149,pne
64616,34.0,807.0,110.0,892.0,pr80
64870,665.079,961.905,676.1904999999999,980.9524,p17
64870,659.524,983.333,671.4286,1004.7619,p12
64870,670.635,983.333,680.15873,1004.7619,p22
6490,1134.65,936.634,1148.5149000000001,950.495,pne
6490,1223.76,940.594,1236.6337,953.4653000000001,i5
6492,1287.65,984.063,1298.8016,996.0156,pl80
6492,1286.85,997.211,1299.9984,1009.9604,pn
65010,1023.53,778.431,1074.5098,847.0588,w63
65091,1389.83,939.823,1425.2212,973.4499,w16
65217,1269.72,939.442,1282.4669000000001,953.7847,pl80
65217,1284.86,940.239,1298.8064,955.7773000000001,pn
65348,1288.05,933.865,1302.7873,949.8008,pl80
65348,1305.17,933.865,1319.9155,950.996,pn
65721,1864.0,999.0,1887.0,1025.0,pl15
65753,880.077,990.217,889.85507,1000.7243,pne
65788,1086.67,620.0,1174.6667,704.0,pr60
65816,645.545,965.347,670.2964,994.1175,ps
65816,647.059,992.157,668.6274999999999,1017.6471,i10
659,1268.0,925.333,1309.3333,968.0,ph4.2
6600,1570.3,966.337,1593.0692999999999,988.1188,w30
66351,1039.61,737.624,1129.7033999999999,829.703,ph3.3
663,83.1909,764.103,156.9801,841.3104999999999,w34
66556,758.416,971.287,777.2277,996.0396000000001,p14
66670,1032.0,368.0,1190.667,493.33299999999997,ps
66670,1234.67,381.333,1386.6670000000001,514.667,i10
66682,1406.67,914.667,1458.6667,972.0,i10
66709,859.603,953.642,870.8608999999999,964.2384000000001,pne
66709,928.477,950.993,939.7351,962.2517,i5
66779,1038.3,924.378,1063.6766,948.2594,w21
66779,1069.65,923.383,1095.5174000000002,946.7662,w42
66779,1099.5,921.393,1125.8657,947.7617,p1
66784,421.569,331.373,541.177,449.02,ph4.8
66792,1116.67,1000.0,1130.9576000000002,1017.46,pl30
66839,1892.0,566.0,1973.0,669.0,p14
66876,669.048,950.0,682.5406,963.4921,pne
66885,1206.77,944.223,1220.3187,959.3625,pl50
66885,1223.11,943.825,1238.2486,958.1673000000001,pn
66950,1376.0,649.333,1458.6667,730.6660999999999,pl35
67193,746.535,999.01,764.3564,1021.7822,pl15
6745,907.223,950.771,920.0948,960.67224,pne
6745,1102.84,934.659,1114.7718,949.4322999999999,pl50
6745,1116.7,936.212,1128.5826,950.073,pn
67463,871.287,951.485,886.1386,966.3366,pl50
67463,888.119,951.485,900.9901,965.3465,pn
67581,1660.0,937.333,1694.6667,970.6667,w47
67719,1348.0,497.333,1384.0,529.3333,w63
67760,1094.7,952.98,1130.4603,990.0662,ph3.3
67790,1942.67,448.0,2001.3333,521.3333,pl0
6780,1077.48,996.689,1093.3775,1014.5695,pl15
68004,1098.67,870.667,1137.3333,909.3333,w34
6808,1679.68,993.625,1688.84462,1003.58566,p10
68102,1056.81,957.807,1067.1096,968.1063,pne
68157,1348.0,925.333,1369.3333,953.3333,pm40
68174,1222.7,987.423,1233.1256,998.4658,pl5
68174,1279.14,979.755,1290.1840000000002,991.1043,pl5
68174,1340.18,992.638,1351.8372000000002,1003.9877,pl5
68174,1397.85,994.173,1408.5887,1004.6029,pl5
68174,1457.98,984.049,1468.4082,994.4783,pl5
68174,1568.1,987.423,1578.5312999999999,997.8528,pl5
68182,1413.91,956.953,1431.1281000000001,976.1595,w63
6818,1247.68,947.682,1288.7417,988.7417,w63
68199,1774.51,956.863,1856.8627,1047.0588,pl15
68252,325.743,1018.81,337.6238,1032.6733,ip
68252,868.317,956.436,882.1782000000001,969.3069,pn
68252,854.455,956.436,867.3267000000001,970.297,pl50
68255,1365.56,919.868,1422.5166,973.5099,w63
68301,927.815,964.238,936.42384,974.8344000000001,pne
68301,1077.84,952.98,1087.4163099999998,965.9091,pl50
68301,1088.74,953.642,1098.01325,966.2252000000001,pn
68366,1183.57,886.567,1208.4577,913.4324,w22
68366,1218.4,893.035,1246.2637000000002,918.408,w43
68366,1251.74,896.02,1284.0796,926.8657,p1
68476,1285.33,1010.67,1330.6634,1053.3333,pm10
68682,603.947,965.789,631.5789,1026.3158,w30
68744,1789.0,889.0,1941.0,1053.0,pm46
68744,1797.0,1048.24,1947.924,1214.899,pa10
68965,582.051,958.12,627.0655,1016.5242000000001,w16
68965,75.4986,985.47,95.4416,1007.4072,w15
69059,984.211,706.579,1114.474,835.526,ph3.3
69114,1219.03,974.779,1234.0708,989.8237,pl40
69271,1158.41,991.593,1175.6637,1007.0793,w47
69274,1932.89,992.105,1971.0526,1039.4737,w26
69281,1051.77,920.354,1072.5664,944.2483000000001,w22
69360,1262.25,929.801,1275.4967,943.0464000000001,pn
69479,0.0,114.667,65.3333,224.0,pl0
69549,1109.52,957.937,1120.6349,969.0476,pne
69549,1150.0,957.937,1158.73016,969.0476,i5
69983,1254.24,971.642,1276.6244,993.0348,w16
70014,1335.84,971.682,1350.4424999999999,986.7261,pl80
70014,1335.84,988.053,1352.2124999999999,1003.0973,pn
70038,1636.0,914.0,1698.0,979.0,pr50
70043,1793.33,1078.67,1816.0,1106.6667,pl10
70159,1112.0,975.424,1126.8632,991.5423,p5
70159,480.597,805.473,567.1641999999999,883.5831,w45
70159,1175.0,976.579,1200.0,1001.251,w45
70180,1261.05,978.835,1271.1690999999998,988.9573,pl5
70180,1318.1,991.412,1328.5311,1001.22749,pl5
70180,1428.22,983.129,1437.73006,992.94479,pl5
70180,1208.9,986.196,1218.10166,997.2393000000001,pl5
70265,1040.0,426.0,1166.0,544.0,pr30
70318,1600.0,982.54,1669.8413,1050.0002,w18
70415,1264.94,941.833,1279.2829000000002,956.5736999999999,pn
7063,906.349,953.968,919.0476000000001,967.4603,pne
7063,953.175,953.175,965.0794,966.6667,i5
70823,1311.11,985.714,1323.8094999999998,1004.7619000000001,ps
70907,874.9,1008.37,897.2108,1035.8582,ph3.3
71147,516.0,973.333,580.0,1039.9997,pr80
711,1169.31,911.881,1184.1584,929.703,pne
711,1281.19,916.832,1296.0396,935.6436,i5
7120,15.0,659.0,94.0,758.0,pa10
71253,1146.03,930.952,1157.9365,947.619,pne
71253,1228.57,933.333,1241.2698,948.4127,i5
71253,1651.59,913.492,1661.1111099999998,932.5396999999999,pne
71253,1705.56,907.143,1715.09573,929.3651,i5
71530,1100.5,917.91,1139.3035,957.2131999999999,ph3.3
71533,1932.84,1113.44,1946.2712,1130.3508000000002,pl5
71559,776.984,946.825,791.2698,962.6984,pl50
71559,795.238,944.444,808.7302000000001,961.9047999999999,p11
71559,811.111,946.032,826.1905,961.1111000000001,pn
71667,1943.2,1022.4,1987.2,1074.4,pl15
71676,713.907,996.026,735.7613,1047.6816,pl15
71694,1725.33,1022.67,1788.0,1100.0,pm15
71773,1171.52,943.046,1207.2842,976.1590000000001,w30
71796,1361.33,965.333,1418.6667,1026.6667,p1
71971,1568.0,875.0,1631.0,953.0,pr30
72003,1421.33,1017.33,1468.0131999999999,1068.0033,pl15
72039,1293.42,914.474,1357.8947,973.6834,w30
72076,670.0,711.0,737.0,779.0,pr30
72118,1488.23,533.06,1627.249,656.8629999999999,w24
72129,315.079,1004.76,330.1587,1026.9841,ps
72129,315.079,1026.98,328.5714,1046.0317,i10
72132,1350.17,928.904,1365.4485,946.1795,pl80
72132,1368.43,930.232,1383.7159000000001,946.8437,pn
72318,1464.36,967.327,1480.1979999999999,985.1485,w30
72574,64.0,926.0,118.0,985.0,pm10
72686,423.016,994.444,434.127,1022.2221999999999,pne
72760,834.653,980.198,849.505,1012.8713,p19
72868,1176.24,838.614,1217.8218,876.2386,w42
72868,1218.81,839.604,1258.4003,878.2178,w8
72868,1259.41,842.574,1299.0333,878.2171999999999,w30
73073,30.2632,868.421,251.3162,1135.526,w26
73094,754.0,1049.0,783.0,1088.0,pl15
73344,904.975,911.94,934.3284,940.796,ph3.3
73383,1050.0,977.434,1062.8319,991.1504,pne
73383,1189.83,950.0,1201.3324,962.3893,pn
73433,241.333,908.0,286.6667,977.3333,p16
73483,1549.0,903.0,1620.0,978.0,pr80
7373,683.333,957.143,711.1111,988.8889,p14
73854,1386.23,937.681,1401.8093000000001,952.1742,pn
73854,1371.01,937.319,1385.8696,951.8116,pl40
73854,1281.88,932.246,1296.3768,948.1884,pn
73854,1265.22,932.246,1280.4348,947.8261,pl60
73961,897.333,1040.0,952.0,1096.0,pm15
7396,1007.69,426.923,1165.38,784.615,w30
74135,1306.67,880.0,1370.6667,936.0,w10
74151,1914.67,358.667,2010.6667,461.33299999999997,ph4.3
74279,1290.0,942.0,1303.0,956.0,pl50
74279,1307.0,942.0,1321.0,958.0,pn
74279,1367.0,964.0,1380.0,980.0,io
74279,1367.0,982.0,1380.0,997.0,io
74401,1194.67,906.667,1245.3333,952.0,w66
74619,310.667,1025.33,364.0,1076.0,pm15
74667,1318.67,414.667,1429.333,508.0,pl35
74671,1384.31,972.549,1435.2940999999998,1025.4902,w26
74676,1301.45,997.464,1315.9443,1011.9568,p5
74737,1050.99,981.275,1071.71,1003.1874,ph2
74742,1596.0,993.0,1659.0,1055.0,pm10
74763,1446.0,950.0,1484.0,987.0,w47
74770,180.263,927.631,212.49790000000002,969.7366,w63
74913,383.169,936.634,421.7824,979.208,ph2.6
75058,1128.57,942.857,1142.8571,958.7302,pne
75058,1180.95,944.444,1194.4444,958.7302,i5
75069,199.601,1099.6,213.14679999999998,1119.5186999999999,pl60
75069,213.546,1098.41,227.09189999999998,1117.5299,pn
75110,902.841,940.909,914.7727,955.6818,pne
75110,1085.8,928.713,1096.599,942.5743,pl50
75110,1098.02,929.545,1110.2273,944.5541,pn
75398,1130.0,730.0,1192.0,792.0,pr30
75406,1722.37,232.895,1909.2109999999998,398.68399999999997,w42
75406,1909.21,293.421,2047.3780000000002,446.053,w8
75434,1365.0,750.596,1438.9839,822.9756,pr70
7549,861.111,923.016,876.1905,941.2697999999999,pne
7549,903.968,925.397,919.0469999999999,939.6825,i4
75562,1194.87,917.73,1239.2395,959.7731,pm46
75562,1195.33,958.667,1241.0926,1002.2565000000001,pa10
75772,1688.0,756.0,1737.3333,816.0,p7
75793,1247.52,976.238,1291.0891,1022.7723000000001,pl15
75838,553.0,740.0,599.0,791.0,pl60
75838,602.0,737.0,648.0,787.0,pn
758,1161.0,757.0,1224.0,820.0,pm10
76180,1093.03,937.542,1106.9812,952.1599,pn
76225,1302.53,980.435,1315.9397,995.2901999999999,pn
7623,838.667,633.333,906.6667,696.0,pl90
7623,981.333,637.333,1046.6667,696.0,w38
76358,772.222,987.302,807.1428999999999,1030.9524000000001,pb
76358,884.921,950.0,896.8254000000001,963.4921,pne
76358,953.968,950.794,965.0794,961.9048,i4
76375,486.571,954.741,530.9524,1031.0572,w58
76416,1169.54,956.953,1178.15106,968.874,pne
76416,1231.79,956.954,1243.7086,967.5496999999999,i5
76445,1341.48,1019.89,1386.3636000000001,1057.9545,w20
76541,1135.64,943.564,1145.54455,956.4356,pn
76549,521.854,1035.76,537.0861,1067.5497,w58
76558,943.304,989.174,956.6948,1002.2795,pne
76567,1413.0,437.0,1541.0,558.0,pr30
76601,228.0,866.0,308.0,951.0,pr50
76601,226.0,952.0,310.0,1036.0,i3
76624,1253.97,959.524,1269.8457,973.0159,w13
76624,1271.43,957.937,1284.1303,972.2222,w57
76624,1774.6,981.746,1804.7573,1012.6984,w30
76709,1634.83,988.557,1648.2586999999999,1005.9701,p5
76709,1378.61,996.02,1393.5374,1010.9458,w59
76860,1627.45,860.784,1719.6078,947.0588,w63
77106,1231.22,935.881,1244.846,951.495,pl30
77106,1247.18,935.216,1260.8039,950.1663,pn
7711,977.174,986.957,987.3188,996.73913,pne
77234,1259.0,850.0,1303.0,895.0,pa14
77234,1304.0,851.0,1347.0,894.0,pr60
77722,780.159,946.032,792.0635,960.3175,pne
77811,1118.54,927.815,1129.1390999999999,939.7351000000001,pne
77811,1194.04,929.801,1208.6093,942.3841,i5
77862,136.0,874.0,214.0,961.0,w47
77963,990.366,992.027,998.67132,1000.3322300000001,pne
77963,1563.46,998.672,1574.7531000000001,1010.6318,pl40
78183,1071.31,953.785,1083.2668999999999,964.5416,pne
78183,1101.59,954.183,1112.7474,965.7370999999999,i5
78191,1216.14,955.912,1227.2012000000002,968.744,pn
78266,1248.41,814.286,1303.1719,861.9045,w22
78266,1310.32,823.016,1361.114,871.4286,w43
78266,1374.6,831.746,1430.1551,884.1270999999999,p1
78523,1237.33,829.333,1272.0,866.6667,pl35
78606,159.211,957.895,206.5789,1015.7895,w45
78688,1033.33,898.0,1059.33,922.6664,w3
78688,1061.33,898.0,1087.3333,921.3333,w24
78688,1088.67,896.667,1114.0,923.3333,p1
78785,36.8421,968.421,72.36840000000001,1015.7895000000001,w30
78786,1662.67,926.667,1746.6667,1017.3333,pr50
79034,222.772,926.733,234.65349999999998,943.5644,pne
79034,255.446,929.703,265.34653,945.5446,i5
79034,593.069,931.683,623.7624,966.3366,w47
79034,1431.68,917.822,1443.5644,941.5842,pne
79034,1456.44,916.832,1468.3168,939.604,i5
79054,1235.76,874.172,1266.2219,908.6095,w21
79121,109.0,1017.0,182.0,1108.0,p9
79174,1123.02,938.095,1135.7143,949.2063,pne
79174,1176.19,937.302,1187.3016,950.0,i5
79285,1636.51,921.429,1649.2063,950.7937,pne
79285,961.589,948.344,971.5233900000001,958.9403000000001,pne
79285,1026.49,948.344,1036.42384,958.2781500000001,i5
7929,1181.82,1007.39,1205.1145,1030.6764,w20
79312,417.822,970.297,440.5941,1000.0,p22
79382,414.474,914.474,460.5263,959.2105,w47
79529,1021.43,869.048,1057.1465,905.5563,w21
79529,1068.88,866.887,1106.6225000000002,903.9735,w42
79529,1114.57,862.251,1156.2926,904.6355,p1
79583,561.111,1286.51,587.3018999999999,1316.6703,i10
79610,1521.33,877.333,1593.3333,946.6667,i15
79626,1189.11,938.614,1199.0098999999998,954.4554,pne
79626,1267.33,938.614,1277.2277199999999,948.51485,i5
79859,121.333,236.0,253.333,414.66700000000003,pl35
79963,1279.65,945.133,1293.3628,961.9469,pl80
79963,1296.02,946.904,1310.6244,962.3899,pn
80076,48.0,805.0,102.0,870.0,pr30
80101,1096.04,870.297,1129.7033,902.9704,w22
80173,380.435,1107.97,394.92810000000003,1132.6064000000001,pl50
80173,394.565,1107.97,409.4205,1131.1594,pn
80196,884.955,760.177,984.0708000000001,867.6990000000001,ph2.8
80205,1215.48,952.655,1228.3136,967.2567,pn
8038,1658.0,941.0,1714.0,1000.0,pr30
80717,1235.87,948.189,1245.65681,960.8698999999999,pl80
80717,1247.83,948.551,1257.6087,960.5072,pn
80942,112.0,852.0,234.667,1013.333,ph5.3
80962,1115.23,949.007,1125.8278,961.5894,pne
80962,1156.95,949.669,1168.2119,962.9139,i5
81055,45.0,1014.0,76.0,1052.0,pm10
81066,924.503,927.815,937.0861,941.7219,pne
81066,1010.6,927.152,1024.5057,939.7343000000001,i5
81066,1121.85,921.192,1137.7483,936.4238,pl40
81066,1140.4,921.192,1155.6291,937.0861,pn
81066,1386.09,881.457,1396.02649,901.9868,pne
81066,437.086,906.623,447.01987,925.1656,i5
8124,814.667,844.0,846.6667,912.0,ps
81315,448.8,876.8,461.6,894.4,pl40
81315,463.2,876.8,478.4,896.8,pn
81372,981.0,534.0,1092.0,650.0,pr60
81436,891.0,1480.0,921.0,1515.0,pa13
81495,915.0,640.0,1000.0,723.0,pm10
81695,1274.43,993.182,1287.5,1010.7957,w15
81695,1119.32,950.568,1132.3863999999999,965.9091,pn
81789,1785.33,1041.33,1842.6667,1100.0,pl10
81832,1057.97,1106.16,1070.2899,1119.9322000000002,pl50
81832,1088.05,1105.07,1100.7246,1119.5629,pn
81866,1192.48,961.062,1204.4297,973.4518,pn
81881,367.0,953.0,452.0,1038.0,pr60
81948,1194.04,983.444,1204.6358,1004.6358,ps
81948,1196.03,1004.64,1205.29801,1018.543,i10
81963,1217.82,781.188,1274.2574,832.6733,w42
81963,1274.26,785.149,1329.7056,834.6533,w8
81963,1331.68,788.119,1385.1191000000001,835.6429,w30
82103,1475.7,995.617,1490.8407,1011.952,p5
82103,1934.42,1001.09,1948.5477,1016.3088,w58
82138,1392.0,1041.33,1457.3333,1108.0,pl25
82291,1978.67,925.333,2018.6667,964.0,ps
82482,1429.9,929.9,1444.1860000000001,946.5115999999999,pn
82482,1323.26,926.246,1337.5415,941.1963,pn
8269,1333.33,978.667,1372.0,1032.0,pm15
83259,1867.0,959.0,1921.0,1047.0,pm10
83381,1060.62,978.319,1073.4513,993.3633,pne
83468,582.178,935.643,626.7328,977.2273,w45
8358,889.109,605.941,903.9604,682.1782000000001,pn
83597,2020.65,1211.6,2029.35014,1226.0892999999999,pn40
83597,2029.71,1208.69,2040.9443,1226.087,pn
83611,950.0,960.317,960.3179,972.1591,pne
83611,1089.57,952.381,1096.7127,962.6984,pn
83611,1796.02,936.634,1814.7727,971.2871,ps
83611,1798.02,976.238,1818.1818,1015.8416000000001,i10
83621,1535.2,841.6,1580.8,884.8000000000001,ph3
83621,1405.6,836.8,1440.0,874.4,ph3
83621,1507.2,742.4,1530.4,768.0,ph3
83928,1280.0,953.333,1328.0,1004.0,pl110
83936,898.413,946.825,911.9048,960.3175,pne
83936,975.397,944.444,985.7143000000001,957.1428999999999,i5
84142,1080.79,991.304,1093.1128999999999,1002.5358,p5
84142,1122.83,993.479,1144.5674999999999,1013.0438,w16
84142,1353.99,971.014,1373.1914,990.2178,w15
84191,1436.0,474.0,1543.0,579.0,pr30
84206,1096.91,939.823,1125.2212000000002,969.911,ph3.3
84391,1396.0,996.0,1447.0,1046.0,pr30
84410,1218.67,916.0,1273.3366,969.3333,pm50
84526,1276.1,941.434,1289.6414,955.3784999999999,pn
84637,1188.8,942.4,1231.2,991.1999999999999,pl15
84651,512.0,1024.0,527.2,1057.6,io
84662,1349.33,924.0,1433.3333,1011.9997,pl110
84662,1348.0,1013.33,1433.3366,1098.6667,pr60
84694,582.667,1161.33,621.3333,1198.6667,ps
84694,585.333,1210.67,625.333,1229.3333,i12
84733,1155.0,925.0,1189.0,961.0,pl90
84733,675.0,921.0,704.0,952.0,pl90
84764,1184.0,961.333,1253.3333,1022.6667,w50
84902,1157.0,657.0,1227.0,722.0,w3
84924,1101.14,887.5,1129.5500000000002,913.6366,w22
8515,2009.53,1097.62,2037.3052,1130.9600999999998,i12
85213,1159.41,933.663,1173.2673,949.5041,pne
85213,1219.8,932.673,1234.6535,950.495,i5
85531,1883.19,997.788,1898.2326,1013.2742000000001,p5
85657,1408.0,912.0,1475.0,981.0,pl110
85665,1047.62,796.032,1103.9719,850.7938,w24
85698,933.048,988.889,947.0083,1003.7037,pne
85698,1435.1,996.688,1450.3310999999999,1011.2583,pl50
85816,1384.66,996.32,1398.7730000000001,1012.5769,pn
85816,1215.95,956.748,1225.7668700000002,968.0982,pn
85816,1226.69,957.055,1236.50307,967.4847,pn
85946,1441.0,932.0,1510.0,1010.0,pr50
86073,990.217,996.015,1003.6228,1011.2322,pne
86083,1784.0,1076.0,1832.0,1126.0,pr20
86093,1172.0,922.0,1308.0,1060.0,i10
86126,1458.21,956.716,1501.49,1000.995,pm10
86204,1108.52,952.841,1121.5909,967.0455000000001,pne
86204,1155.11,955.114,1165.9090999999999,967.6136,i4
86204,1249.43,952.841,1257.9545500000002,965.9091,pn
86204,1494.89,948.295,1502.2727300000001,963.6364,pne
8643,790.265,998.23,805.7522,1011.9469,pne
86582,1089.55,903.483,1116.9153999999999,925.3730999999999,w21
86672,1077.83,588.23,1187.8439999999998,685.7718,pr70
86672,1175.66,583.2,1291.804,675.9895,w21
86752,905.556,973.81,919.8413,988.0952,pne
86752,991.27,973.016,1004.7619,985.7143,i5
86883,1663.16,975.0,1693.4211,1006.5789,ps
86915,1192.05,888.741,1207.2863,905.96,p10
86950,1661.06,1111.06,1674.7788,1127.436,pl40
86950,1677.88,1110.18,1692.4828,1126.5487,p11
86950,1694.25,1108.85,1709.7395,1125.2235999999998,pn
87015,40.796,715.423,74.6269,769.6517,ph4.8
87135,292.105,1098.68,314.4737,1130.2632,w63
87178,1037.5,932.386,1057.3864,953.4091,w22
87189,1290.07,1009.27,1307.288,1027.1491,pm8
87221,1433.84,956.716,1448.7612,970.1488,pl40
8725,1054.58,941.434,1063.3466099999998,950.5976099999999,pne
87376,1136.36,975.0,1155.1136,993.1818,w63
87456,1833.77,928.477,1845.0330999999999,944.3709,pl50
87456,1849.01,929.801,1861.5901,947.0199,p11
87456,1864.24,929.801,1878.1457,946.3576,pn
87767,1078.15,843.709,1113.9095000000002,880.1324999999999,w21
87786,199.206,1000.79,213.4921,1016.6667,pne
87828,280.0,960.42,293.6,983.9986,pn
87835,681.094,959.204,703.4817,982.0898,w63
88048,853.465,943.564,867.3267000000001,961.3860999999999,pne
88048,908.911,942.574,921.7822,959.4059,i5
88065,1408.41,988.496,1421.2439000000002,1004.4247,w59
88162,1545.33,1045.33,1580.0,1096.0,pm15
88197,1006.67,801.333,1052.0,844.0,w63
88225,1628.48,980.795,1662.2517,1013.9073,w45
88281,928.977,953.409,943.75,968.1818,pne
88281,981.818,953.977,994.702,965.5629,i4
88281,1084.09,951.705,1096.0227,964.7727,pl40
88281,1096.02,950.0,1109.9338,962.9139,pn
88281,507.96,944.279,519.403,967.1642,pne
88281,535.821,949.254,542.78607,965.1741000000001,i4
8828,1690.67,769.333,1728.0,805.3333,pl35
8842,1107.0,1108.0,1223.0,1207.0,w30
88691,1192.48,983.186,1213.2743,1003.539,w47
88704,350.99,965.562,357.61635,980.7945,pne
88704,371.523,967.55,380.13245,982.7814999999999,i5
88704,911.921,970.861,921.8543000000001,981.457,pne
88704,962.252,969.536,973.5098999999999,981.457,i5
88765,1726.67,978.667,1768.0,1017.3333,pm15
88787,52.9801,978.145,84.106,1010.5916,w16
88810,347.0,782.0,399.0,854.0,pr30
88904,1122.47,933.696,1135.5103,949.2754,pl80
88904,1137.68,935.869,1151.087,949.6377,pn
89184,360.0,1002.67,428.0,1114.667,pm15
89256,1476.61,930.348,1492.0373,945.7711999999999,w59
89256,1367.66,990.05,1384.5771,1005.9701,w58
89287,1357.94,950.794,1370.6349,968.254,pl50
89287,1373.02,952.381,1387.3016,965.8729999999999,p11
89287,1390.48,952.381,1403.9683,967.4608999999999,pn
89350,870.0,927.0,916.0,972.0,pr50
89395,1780.0,886.667,1866.6667,973.3333,pl65
89395,1857.33,861.333,1946.6600999999998,954.6667,pl65
89423,772.549,833.333,866.6667,986.275,pl15
8949,603.482,988.06,627.3627,1016.4178999999999,pm10
89524,386.667,649.333,448.0,732.0,i3
89541,1068.14,884.956,1101.3274000000001,915.4854,w22
8959,1060.0,996.0,1076.0,1008.0,w32
89610,1797.33,834.667,1881.3333,922.6667,w22
89800,1728.32,827.434,1783.1837,886.7266,w34
90077,1142.04,969.027,1157.0796,983.1858000000001,pn
90077,1141.15,952.213,1156.1992,968.1420999999999,pl80
90101,1485.31,1101.32,1497.51,1114.9253999999999,pn
90101,1457.22,1102.98,1468.1642,1115.4179,pl50
9039,1421.0,938.0,1476.0,994.0,pr30
90443,164.0,1057.0,239.0,1150.0,pr80
90486,1043.82,951.793,1059.3625,968.5259,p1
90486,1062.95,952.192,1077.6861000000001,968.1279,pl20
90522,1338.67,962.667,1398.6667,1013.3333,w37
90524,1475.66,856.637,1496.4576000000002,880.0885,ph4.8
90544,329.333,389.333,453.333,520.0,pl35
90579,1200.0,653.333,1266.6667,713.333,pm40
90579,1200.0,730.667,1266.6634,792.0,pm46
90644,877.778,926.984,892.0635,942.8571000000001,pne
90644,973.81,927.778,988.0952,942.8571000000001,i5
90688,1168.42,996.053,1203.9474,1035.5263,pl15
90754,1796.0,905.333,1877.3333,994.6667,pl90
91019,1614.0,966.0,1691.0,1046.0,pr30
91077,1165.35,996.04,1180.1979999999999,1017.8217999999999,p19
91077,1066.23,949.669,1082.7815,964.9007,pn
91077,1523.84,996.026,1533.7748299999998,1014.5695,pne
91161,1282.67,764.0,1342.6667,822.6667,pl35
91220,1217.0,530.0,1316.0,621.0,pr80
91227,1053.47,602.97,1169.307,705.941,w22
91321,1379.77,932.479,1391.4528,946.7244000000001,pn
91321,1282.05,929.345,1294.8718,943.0199,pn
91392,537.302,995.238,550.7937000000001,1015.8727,pne
91415,157.0,1053.0,267.0,1215.0,pm10
91568,1267.73,993.626,1280.8729,1005.1795,pn
91579,1227.63,986.842,1282.8947,1046.0526,w26
91622,1420.0,925.0,1457.0,967.0,pl90
91753,1053.0,685.0,1150.0,780.0,pr60
91756,1971.52,929.139,1986.0927,957.6159,p12
91837,1050.0,923.451,1069.914,941.5926000000001,w22
91874,1373.0,627.0,1448.0,703.0,pr60
91927,1074.26,975.248,1087.1287,990.099,pl60
91927,1995.05,983.168,2009.901,1016.8317,pl50
91970,1592.0,913.333,1680.0,1017.333,pl110
92055,60.5263,935.526,102.63159999999999,981.5789,w30
9214,1931.0,955.0,1983.0,1010.0,w58
92254,672.124,909.292,683.6283000000001,932.3009000000001,pne
92254,696.903,914.159,707.5221,932.7434,i4
92254,1137.61,935.841,1153.5398,950.4425,pne
92254,1197.79,937.611,1211.0619,950.885,i4
92254,1318.58,936.726,1329.2034999999998,952.6549,pn
92254,1685.4,922.566,1697.7876,945.1327,pne
92254,1935.4,907.08,1946.9027,927.8761000000001,pn
92577,1167.66,943.284,1185.5686,960.1997,p14
92577,1169.65,967.662,1187.5572000000002,986.5672000000001,p14
92584,258.667,717.333,340.0,800.0,w63
9261,1847.0,1060.0,1862.0,1082.0,i5
9261,1830.4,1024.8,1844.8000000000002,1037.6,pg
9261,151.0,1013.0,180.0,1051.0,pl15
92662,1350.67,900.0,1400.0,957.3333,ph4.2
9273,1315.84,655.446,1402.9703,732.6733,w42
9273,1404.95,664.356,1488.1108,739.604,w8
9273,1490.1,672.277,1573.2724999999998,747.5250000000001,w30
92768,1289.4,935.099,1304.6358,952.9801,pl50
92768,1309.93,937.086,1321.8543,952.3179,p11
92768,1325.83,937.748,1340.3973999999998,953.6424000000001,pn
92846,1270.2,947.02,1288.0767,962.2517,w13
92846,1290.07,945.695,1305.298,960.9272000000001,w57
92888,1076.11,849.115,1119.9115,890.7079,w22
92957,407.143,887.302,422.2222,911.1111000000001,pne
92957,453.175,895.238,468.254,915.873,i5
92957,1149.21,939.683,1163.4921,957.9365,pne
92957,1207.14,942.063,1220.6349,957.1428999999999,i5
93132,1216.38,984.071,1241.1504000000002,1006.6372,w47
93137,867.0,962.0,895.0,990.0,w30
93143,789.333,845.333,828.0,882.6664,pl35
93212,773.81,765.873,788.0952,818.254,pl50
93212,789.683,775.397,802.381,834.1270000000001,p11
93212,801.587,783.333,816.667,838.8888999999999,pn
93212,1847.68,934.437,1858.2781,951.6556,pl40
93212,1863.58,937.086,1871.52318,950.9934000000001,p11
93212,1876.82,935.099,1888.7395,950.3306,pn
93214,145.0,1031.0,175.0,1064.0,pl15
9331,520.792,984.158,550.495,1022.7723,pl15
93396,1224.61,743.651,1303.1764999999998,810.3176,w21
93396,1213.28,1009.29,1228.3235,1025.6637,pn
93470,1103.97,1058.73,1119.0476,1077.7778,pn
93474,1615.0,975.0,1705.0,1064.0,pm10
93499,1026.49,953.642,1037.0861,966.2252000000001,pne
93499,1070.2,951.656,1080.7947000000001,964.9006999999999,i5
93546,1447.83,943.841,1462.6842,959.4203,pl30
93546,1464.49,944.928,1480.0725,959.0581999999999,pn
93714,470.199,967.55,503.9738,1015.894,w16
93822,1096.69,928.477,1111.2583,946.3575999999999,pne
93822,1183.44,931.126,1196.6855,946.3574,i4
93822,1292.72,921.854,1307.9470000000001,939.7351,pl50
93822,1308.61,923.179,1323.1788,940.3974,pn
93926,815.842,977.228,831.6831999999999,996.0396,p14
93933,792.063,970.635,805.5556,985.7143,pne
93933,835.714,969.841,847.619,984.127,i5
93958,1435.0,906.0,1536.0,1008.0,pr20
93969,1361.0,949.0,1415.0,1004.0,pr50
94090,1244.37,959.603,1257.6158999999998,972.1854,pl40
94090,1256.95,958.94,1267.5497,973.5099,p11
94090,1272.19,960.265,1282.11921,972.8477,pn
94292,1826.86,985.074,1851.7361999999998,1015.4223999999999,w16
94425,1499.34,920.529,1533.7845,957.6154,w63
94511,1616.0,849.333,1706.6667,942.6667,w42
94719,1330.67,942.667,1376.0,992.0,pm15
94797,1242.62,901.705,1277.2727,938.6365000000001,ph2.8
9491,1281.19,758.416,1342.5749,822.7728000000001,w24
95202,839.0,932.0,889.0,986.0,p9
9529,252.941,1052.94,382.353,1196.078,pm5
95323,1762.67,241.333,2001.336,482.66700000000003,w34
95532,185.333,900.0,294.66700000000003,1064.0,pm25
95697,1264.36,987.129,1286.1386,1013.8614,pl15
9577,1248.0,918.4,1360.0,1011.1999999999999,w42
95806,1037.31,950.362,1051.087,963.7681,pn
960,804.0,1026.0,818.0,1044.0,i3
960,1756.0,859.0,1879.0,989.0,w46
960,1762.0,989.0,1882.0,1115.0,w18
96191,1385.8,990.341,1405.6817999999998,1009.6591,w58
96191,1186.36,993.181,1206.2482,1007.9543,w59
9620,1662.19,982.09,1683.5821,1001.4926,w16
96253,1095.0,952.0,1110.0,967.0,pn
96330,1646.0,977.0,1731.0,1071.0,pr60
96400,1562.83,843.805,1588.9356,870.7964999999999,ph4.8
9646,1302.79,980.08,1319.9203,995.2191,p5
9664,984.385,991.695,994.35216,1001.3291300000001,pne
9664,1611.3,993.688,1623.918,1007.6416,pl40
96779,1215.93,1011.16,1229.0805,1023.9064,pl30
96881,1335.8,946.032,1353.4090999999999,979.5457,ps
96881,1338.64,983.333,1356.25,1008.5209,i10
96881,1296.03,992.857,1327.778,1023.2953,w18
96928,1162.69,934.825,1181.592,954.7259,w21
97094,1544.0,885.0,1604.0,943.0,pa10
97113,1500.0,983.2,1576.8,1060.8,w16
97184,1630.09,976.549,1677.8761,1023.8937999999999,pm10
971,1631.2,1012.0,1678.4,1062.4,pr50
97246,1395.24,958.73,1408.7302,973.0159,pl60
97255,1950.0,922.368,1993.4211,964.4737,w63
97332,1909.73,1229.2,1920.7965,1242.4779,pl40
97332,1921.24,1225.66,1934.9532,1242.9228,pn
97431,314.667,1034.67,358.6667,1112.0,ph2.5
97512,1572.0,924.0,1667.0,1029.0,pr20
97512,711.0,638.0,775.0,694.0,w41
97512,786.0,636.0,854.0,694.0,w1
97512,864.0,629.0,932.0,689.0,w62
97513,1456.0,974.667,1562.667,1077.333,pm25
97521,1384.08,942.786,1399.5,959.204,pl30
97521,1401.2,943.426,1415.5426,958.5653000000001,pn
97603,1551.5,1094.02,1565.4485,1109.3023,pl40
97603,1567.11,1092.36,1581.3976,1108.3093,pn
97618,1157.39,909.659,1181.8209000000002,935.2268,w24
97682,93.1818,965.341,135.7954,1065.909,w47
97720,856.349,939.683,869.8413,957.1428999999999,pne
97720,915.079,939.683,930.1587,956.3492,i5
97774,412.5,1211.93,427.2725,1236.9336,pne
97904,1124.0,804.0,1158.6667,840.0,pm40
97904,1125.33,846.667,1161.3333,882.6667,pm46
97915,1338.63,985.228,1354.5418000000002,1013.0685,w15
97915,1128.32,945.133,1141.5979,960.1779,pn
97967,1250.0,976.992,1280.531,1006.6376,w47
9805,482.178,1012.87,494.0594,1032.6733,pl5
9805,1283.17,943.564,1298.0198,960.396,w13
9805,1301.98,945.545,1316.8317,961.3860999999999,w57
98148,1127.84,879.545,1164.2044999999998,913.6364,w21
98203,427.451,898.039,590.196,1072.549,w26
98346,215.789,1003.95,259.21049999999997,1055.2632,w26
98363,1029.49,889.243,1075.6972,940.2388000000001,ph3.3
9846,1176.11,989.823,1191.5928999999999,1008.8496,w47
98567,705.97,999.502,720.398,1015.9204,pn
98595,1135.8,924.432,1149.4318,940.3409,pl50
98595,1155.68,926.136,1168.1773,940.3403,pn
98638,18.0,868.0,126.0,986.0,w44
98723,851.587,932.54,864.2857,947.6189999999999,pne
98723,911.111,933.334,924.6032,950.0002999999999,i5
98770,1200.8,413.6,1356.426,553.53,pr70
98,1159.42,948.913,1172.1014,963.0435,pl30
98,1175.36,948.913,1189.1304,962.6812,pn
